----------------------------------------------   ITERACIÓN:	1	----------------------------------------------
EMPRESAS PUBLICAS DE MEDELLIN E.S.P.,ANTIOQUI,692,627,573,533,506,483,446,467,502,545,580,611,621,612,586,566,562,595,878,883,892,739,647,542,455.6,0,275.79,0,26.24,324.12,7.6,0,472,419.44,448,138.44,0,7.6,211.82,324,42.84,0,443.44,0,710.58,311.97,555.56,0,36633554.38,0,19828589.5,0,2412150.01,25759815.47,579432.44,0,40341406.32,39452217.3,29906813.44,13169605.68,0,628078.67,19630535,27044970.12,5177740.88,0,45765523.54,0,79534414.16,30573346.96,42103515.24,0,16.2,447.14,160.8,442.47,460.27,244.8,617.46,673.12,250.01,338.94,344.45,675.46,799.66,762.48,540.37,417.34,697.6,762.35,480.59,922.69,161.8,405.6,58.71,524.57,16.2,447.14,160.8,442.47,460.27,158.88,438.4,467,30,125.56,132,472.56,621,604.4,374.18,242,519.16,595,434.56,883,161.8,405.6,58.71,524.57,1440258.08,31471069.92,9330807.53,29644344,31447387.42,12729681.68,38427083.97,35809648.73,2646274.2,9612334.95,12771246.84,45562415.84,58690760.51,52227852.2,30610877.34,20515331.18,43873815.6,52822297.33,42272079.25,68882003.5,13234009.96,35976647.14,4788061.17,42878923.74,220.2,179.86,136.41,90.53,19.49,0,0,0,0,0,0,0,0,0,0,0,0,0,0,0,19.62,21.43,32.73,17.43,27525000,22482500,16995731.13,10990342,2263899.93,0,0,0,0,0,0,0,0,0,0,0,0,0,0,0,2530980,2678750,4091250,2116002,0,0,0,0,0,0,0,0,0,0,0,0,0,0,0,0,0,0,0,0,0,0,0,0,0,0,0,0,0,0,0,0,0,0,0,0,0,0,0,0,0,0,0,0,0,0,0,0,0,0,0,0,0,0,0,0,0,0,0,0,0,0,0,0,0,0,0,0,0,0,0,0,11853351.73,10739958.87,9814986.33,11151415.87,10586522.39,10105316.82,9331203.53,9770565.13,12304820.19,13358818.73,14216724.52,12783330.39,12992550.2,12804252.37,12260280.87,11841841.25,11758153.32,14584398.43,21521179.53,21643737.5,18662407.05,15461343.96,11082541.29,9283983.58,77452164.2,64693528.78,55970114.49,51786101.88,46709959.74,48594813.97,48337719.93,45580213.86,55292500.71,62423370.98,56894784.8,71515351.92,71683310.71,65660183.24,62501693.21,59402142.55,60809709.8,67406695.76,109558782.32,90525741,113961811.16,84690088.05,62065367.7,54278909.32
ENERGIA EMPRESARIAL DE LA COSTA S.A. E.S.P.,ATLANTIC,447,435,417,401,386,377,345,335,332,332,332,336,334,335,339,334,334,355,510,506,513,444,421,396,353.4,341.24,332.05,326.06,205.38,327.94,319.8,335.96,366.56,380.78,254.95,153.1,385.85,389.9,399.62,399.81,394.57,391.78,316.8,166.42,164.4,424.59,405.22,376.56,22916095.88,29920011.3,27281628.95,25610405.52,19997134.29,26760462.09,25981577.67,39271130.39,35278600.99,30957532.18,24892190.4,11706408.75,32079104.86,30070713.88,40248783.6,35789532.09,36496740.74,33390572.38,35291529.5,21156374.21,19481993.48,47390145.8,34620128.74,30469213.07,0,0,0,0,120,0,0,0,0,0,136,243.89,0,0,0,0,0,0,117.47,271.2,271.2,0,0,0,0,0,0,0,120,0,0,0,0,0,77.05,182.9,0,0,0,0,0,0,117.47,271.2,271.2,0,0,0,0,0,0,0,12216656.4,0,0,0,0,0,7910810.57,16738725.1,0,0,0,0,0,0,13177879.75,24112600.6,29100319.62,0,0,0,93.6,93.76,84.95,74.94,60.62,49.06,25.2,0,0,0,0,0,0,0,0,0,0,0,75.73,68.38,77.4,19.41,15.78,19.44,11700000,11720000,10584175.35,9097716,7041437.34,5698662.42,2898000,0,0,0,0,0,0,0,0,0,0,0,9769170,8821020,9984600,2426250,1972500,2360016,0,0,0,0,0,0,0,0.96,34.56,48.78,0,0,51.85,54.9,60.62,65.81,60.57,36.78,0,0,0,0,0,0,0,0,0,0,0,0,0,110400,4007335.68,5666138.46,0,0,6294590,6664860,7041437.34,7644292.17,7035629.49,4465092,0,0,0,0,0,0,0,0,0,0,0,0,0,0,0,0,0,0,0,0,0,0,0,0,0,0,0,0,0,0,7656717.09,7451167.64,7142843.46,8389714.38,8075884.67,7887586.84,7218083.44,7008863.63,8137849.21,8137849.21,8137849.21,7029785.62,6987941.65,7008863.64,7092551.56,6987941.65,6987941.65,8701615.87,12500912.94,12402866.56,10732976.25,9289359.56,7211359.94,6783131.92,42272812.97,49091178.93,45008647.75,43097835.91,47331112.69,40346711.35,36097661.11,46169594.02,39409114.52,33429242.92,40940850.18,35474919.46,32772456.52,30414717.52,40299897.82,35133181.58,36449052.91,37627096.25,70739492.19,66492861.37,69299889.35,59105755.36,43803988.68,39612360.99
EMGESA S.A. E.S.P.,BOGOTA,1202,1072,958,878,835,789,685,694,740,802,856,895,906,893,853,823,816,853,1307,1318,1328,1150,1000,861,0,24,303.2,0,36.51,369.63,472,24,0,504,302.4,335.8,631.32,24,418.83,24,24,270.04,0,504,504,0,240.44,24,0,1811423.04,19829161.75,0,3449408.57,25837921.43,41098797.92,1930585.44,0,33390697.2,27839200.94,26558170.15,50370928.72,1260531.6,31027914.84,1693719.36,1827902.16,29486166.38,0,43021521.6,41492258.88,0,22424982.83,1847126.16,902.32,829.59,528,829.91,859.6,688.8,654.46,1177.74,1304.4,862.3,1108.24,1104.4,782.64,1355.19,943.44,1326.16,1312.15,1078.64,1608.63,1117.47,1089.5,1389.7,943.44,980.47,902.32,829.59,528,829.91,798.49,419.37,213,670,740,298,553.6,559.2,274.68,869,434.17,799,792,582.96,1307,814,824,1150,759.56,837,49812374.42,42411945.82,9669512.16,37382520.5,33061350.2,8920234.75,5325492.03,16967155.2,29618622.55,10278529.58,15607899.81,12670060.37,6452996.81,39613115.89,12097304.76,34178489.29,31953831.92,14997379.5,69415000.54,39428026.44,32582724.24,61610670.54,22676457.32,36807574.95,299.68,218.41,126.8,48.09,0,0,0,0,0,0,0,0,0,0,0,0,0,0,0,0,0,0,0,0,37460000,27301250,15798392.4,5838126,0,0,0,0,0,0,0,0,0,0,0,0,0,0,0,0,0,0,0,0,0,0,0,0,0,0,0,0,0,0,0,0,0,0,0,0,0,0,0,0,0,0,0,0,0,0,0,0,0,0,0,0,0,0,0,0,0,0,0,0,0,0,0,0,0,0,0,0,0,0,0,0,0,0,0,0,0,0,0,0,0,0,0,0,0,0,0,0,0,0,0,0,20589203.44,18362417.71,16409697.92,18369499.32,17469854.14,16507443.01,14331556.98,14519854.81,18138579.56,19658298.39,20981924.46,18725172.99,18955314.79,18683329.03,17846449.79,17218790.36,17072336.5,20908389.68,32036653.36,32306280.89,27784390.77,24060278.15,17129121,14748173.18,107861577.86,89887036.57,61706764.23,61590145.81,53980612.91,51265599.19,60755846.94,33417595.45,47757202.11,63327525.17,64429025.22,57953403.51,75779240.32,59556976.52,60971669.39,53090999.01,50854070.58,65391935.57,101451653.9,114755828.93,101859373.89,85670948.69,62230561.15,53402874.29
ENERGIA EMPRESARIAL DE LA COSTA S.A. E.S.P.,BOLIVAR,313,305,296,287,279,267,250,245,246,248,250,253,253,252,253,254,258,281,377,364,369,326,308,292,248.3,135.28,235.48,231.13,0,135.2,219.61,83.02,235.2,242.62,43.39,253.36,0,0,80.8,207.74,134.69,255.91,290.47,83.2,0,0,0,130.27,24109854.68,12727394.15,22752965.43,22929243,0,11975960.57,24222179.23,7139040.9,25297321.73,21112332.68,5290326.18,27561681.29,0,0,10680608.74,22614484.99,16185189.44,23630615.6,40427532.28,10868305.6,0,0,0,11521275.51,0,105.54,0,0,229.1,93.66,0,140.63,0,0,205.48,0,251.29,253.52,176.77,49.43,120,0,0,215.44,296.4,289.37,278.2,131.19,0,105.54,0,0,229.1,93.66,0,140.63,0,0,205.48,0,251.29,252,172.2,46.26,120,0,0,215.44,296.4,289.37,278.2,131.19,0,11586411.28,0,0,21092984.99,9073843.55,0,13737991.41,0,0,22962926.3,0,23688374.53,31035599.28,20737381.76,4898517.66,11644468.8,0,0,32503012.69,31122770.64,32176414.26,24834939.04,16170955.62,64.7,64.18,60.52,55.87,49.9,38.14,30.39,21.35,10.8,5.38,1.13,0,1.71,0,0,0,3.31,25.09,86.53,65.36,72.6,36.63,29.8,30.54,8087500,8022500,7540368.36,6782618,5796234.3,4430227.98,3494850,2455250,1252292.4,624924.66,131257.41,0,207594,0,0,0,384479.67,3045926,11162370,8431440,9365400,4578750,3725000,3707556,0,0,0,0,0,0,0,0,0,0,0,0.36,0,0,0,0,0,0,0,0,0,0,0,0,0,0,0,0,0,0,0,0,0,0,0,41816.52,0,0,0,0,0,0,0,0,0,0,0,0,0,0,0,0,0,0,0,0,0,0,0,0,0,0,0,0,0,0,0,0,0,0,0,0,5361414.87,5224381.9,5070219.82,6004608.55,5837232.7,5586168.93,5230495.25,5125885.34,6029852.12,6078875.31,6127898.5,5293261.19,5293261.19,5272339.21,5293261.19,5314183.17,5397871.1,6887757.91,9240870.94,8922220.22,7720210.99,6820565.81,5275769.27,5001703.33,37558769.56,37560687.33,35363553.61,35716469.55,32726451.99,31066201.03,32947524.48,28458167.65,32579466.25,27816132.65,34512408.4,32813125.97,29189229.73,36307938.49,36711251.69,32827185.83,33612009.01,33564299.51,60830773.22,60724978.51,48208381.63,43575730.07,33835708.31,36401490.46
EMPRESAS MUNICIPALES DE CALI E.I.C.E. E.S.P.,CAUCANAR,208,176,151,137,140,134,138,139,142,155,158,167,159,150,143,142,149,161,232,249,220,179,147,119,93.18,87.53,85.79,87.7,96.07,122.98,148.08,149.49,117.83,136.21,135.2,36.49,73.04,143.85,0,131.66,0,166.26,51.2,89.6,0,173.64,51.2,64.75,10211176.87,7823068.15,6364634.85,9272479.78,8978102.72,9487998.01,10687521.48,15892575.94,14527988.98,24121262.37,16796347.57,4675552.41,9146942.91,14938677.69,0,19223523.52,0,21812730.76,6569037.31,13037168.26,0,15643248.44,7371079.17,5170880.61,0,0,0,0,0,0,0,0,35.2,20.66,27.28,129,80.9,0,144.02,15.92,153.16,0,180.21,148.13,215.79,0,84.24,41.46,0,0,0,0,0,0,0,0,24.17,18.79,22.8,129,80.9,0,143,10.34,149,0,180.21,148.13,215.79,0,84.24,41.46,0,0,0,0,0,0,0,0,2656618.96,3102688.48,2894967.98,18796893.95,9531893.64,0,20271219.54,1493579.6,19200476.74,0,28135106.32,23238447.76,23024890.11,0,12058415.53,4027532.2,114.82,88.47,65.21,49.3,43.93,11.02,0,0,0,0,0,1.51,5.06,6.15,0,0,0,0,0.59,11.27,4.21,5.36,11.56,12.79,14352500,11058750,8124709.53,5985020,5102777.01,1280050.14,0,0,0,0,0,175397.07,614284,746610,0,0,0,0,76110,1453830,543090,670000,1445000,1552706,0,0,0,0,0,0,10.08,10.49,0,0,0,0,0,0,0,0,0,5.26,0,0,0,0,0,0,0,0,0,0,0,0,1159200,1206350,0,0,0,0,0,0,0,0,0,638564,0,0,0,0,0,0,0,0,0,0,0,0,0,0,0,0,0,0,0,0,0,0,0,0,0,0,0,0,0,0,3562857.17,3014725.3,2586497.27,2866311.4,2929077.34,2803545.45,2887233.38,2908155.36,3480646.35,3799297.07,3872831.85,3493970.83,3326594.98,3138297.15,2991843.28,2970921.3,3117375.17,3946366.63,5686689.81,6103386.91,4602835.82,3745034.6,2517980.79,2038365.4,28126534.04,21896543.45,17075841.65,18123811.18,17009957.07,13571593.6,12415554.86,17594381.3,20665254.29,31023247.92,23564147.4,27141814.26,22619715.52,18823584.84,23263062.82,23688024.42,22317851.91,25120533.39,40466943.44,43832832.92,28170815.93,20058283.04,23392475.48,12789484.2
GENERADORA Y COMERCIALIZADORA DE ENERGIA DEL CARIBE S.A. E.S.P.,CERROMAT,297,282,273,270,267,265,259,254,258,256,255,258,263,262,267,267,267,273,333,337,339,313,297,278,42.34,0,0,205.06,0,0,67.57,15.98,94.81,135.2,212.39,214.9,78.59,95.58,0,105.39,218.89,70.88,206.64,219.12,210.41,244.01,230.19,157.56,4722225.08,0,0,19558116.3,0,0,6516441.34,1939614.37,10716736.47,15497489.28,20305879.4,23420068.48,8293062,10912865.48,0,14215058,22311388.01,10631693.8,35547013.36,32125498.11,35230698.99,21095838.19,27923574.32,13801517.04,169.03,207.79,205.77,0,206.3,209.14,136,189.46,114.79,75.45,0,0,136,120,217.93,114,0,151.98,56,50.4,56,0,1.47,60.41,169.03,207.79,205.77,0,206.3,209.14,136,189.46,114.79,75.45,0,0,136,120,217.93,114,0,151.98,56,50.4,56,0,1.47,60.41,17464952.2,25374649.87,13474095.33,0,14068694.52,19848680.58,12359074.8,18040773.44,12396849.36,9645226.62,0,0,13113776.88,12658225.2,19872980.04,13859823.3,0,19469268.76,8129053.52,7054236,7310220.96,0,159669.78,4259024.61,85.63,74.21,67.23,64.94,60.7,55.86,55.43,48.56,48.4,45.35,42.61,43.1,48.41,46.42,49.07,47.61,48.11,50.14,70.36,67.48,72.59,68.99,65.34,60.03,10703750,9276250,8376387.39,7883716,7050729.9,6488530.02,6374450,5584400,5612125.2,5267719.95,4949449.77,5006366.7,5876974,5635388,5699823.99,5530234.77,5588313.27,6086996,9076440,8704920,9364110,8623750,8167500,7287642,0,0,0,0,0,0,0,0,0,0,0,0,0,0,0,0,0,0,0,0,0,0,0,0,0,0,0,0,0,0,0,0,0,0,0,0,0,0,0,0,0,0,0,0,0,0,0,0,0,0,0,0,0,0,0,0,0,0,0,0,0,0,0,0,0,0,0,0,0,0,0,0,5087348.94,4830412.12,4676250.03,5648934.87,5586168.93,5544324.96,5418793.08,5314183.17,6323991.25,6274968.06,6250456.47,5397871.1,5502481,5481559.02,5586168.93,5586168.93,5586168.93,6691665.16,8162360.8,8260407.18,7092551.56,6548580.05,5087348.94,4761895.64,37978276.22,39481311.99,26526732.75,33090767.17,26705593.34,31881535.56,30668759.22,30878970.98,35049702.29,36685403.92,31505785.64,33824306.27,32786293.88,34688037.7,31158972.96,39191285,33485870.21,42879623.72,60914867.69,56145061.28,58997581.51,36268168.24,41338093.04,30110079.29
ISAGEN S.A. E.S.P.,CHIVOR,0,0,0,0,0,0,0,0,0,0,0,0,0,0,0,0,0,0,0,0,0,0,0,0,0,0,0,0,0,0,0,0,0,0,0,0,0,0,0,0,0,0,0,0,0,0,0,0,0,0,0,0,0,0,0,0,0,0,0,0,0,0,0,0,0,0,0,0,0,0,0,0,0,0,0,0,0,0,0,0,0,0,0,0,0,0,0,0,0,0,0,0,0,0,0,0,0,0,0,0,0,0,0,0,0,0,0,0,0,0,0,0,0,0,0,0,0,0,0,0,0,0,0,0,0,0,0,0,0,0,0,0,0,0,0,0,0,0,0,0,0,0,0,0,0,0,0,0,0,0,0,0,0,0,0,0,0,0,0,0,0,0,0,0,0,0,0,0,0,0,0,0,0,0,0,0,0,0,0,0,0,0,0,0,0,0,0,0,0,0,0,0,0,0,0,0,0,0,0,0,0,0,0,0,0,0,0,0,0,0,0,0,0,0,0,0,0,0,0,0,0,0,0,0,0,0,0,0,0,0,0,0,0,0,0,0,0,0,0,0,0,0,0,0,0,0,0,0,0,0,0,0,0,0,0,0,0,0,0,0,0,0,0,0,0,0,0,0,0,0,0,0,0,0,0,0,0,0,0,0,0,0,0,0,0,0,0,0,0,0,0,0,0,0,0,0,0,0,0,0,0,0,0,0,0,0,0,0,0,0,0,0
GENERADORA Y COMERCIALIZADORA DE ENERGIA DEL CARIBE S.A. E.S.P.,CORDOSUC,204,198,191,186,184,184,165,157,155,153,152,156,155,151,152,153,156,172,252,245,244,224,207,191,0,0,0,136.87,0,0,132.32,0,135.68,138.28,143.12,147.88,143.76,0,121.11,151.5,149.32,150.31,191.41,202.94,198.94,164.37,119.14,158.53,0,0,0,11686984.39,0,0,12980165.93,0,16366228.25,14744084.26,19629205.71,18024565.27,16697825.98,0,16804696.77,21451551.13,22364492.04,19213533.58,29581865.91,28704008.13,20226438.69,24890235.83,19656130.9,16572931.04,148.16,143.26,139.5,0,137.45,142.27,0,129.03,0,0,0,0,0,144,28.82,0,0,0,0,0,0,25.8,55.05,0,148.16,143.26,139.5,0,137.45,142.27,0,129.03,0,0,0,0,0,144,28.82,0,0,0,0,0,0,25.8,55.05,0,11682937.52,10921460.48,14315639.26,0,15156149.67,9568649.12,0,13931434.91,0,0,0,0,0,13045337.28,2359121.05,0,0,0,0,0,0,3910444.83,6337810.13,0,55.84,54.74,51.5,49.13,46.55,41.73,32.68,27.97,19.32,14.72,8.88,8.12,11.24,7,2.07,1.5,6.68,21.69,60.59,42.06,45.06,33.83,32.81,32.47,6980000,6842500,6416539.5,5964382,5407108.35,4847231.61,3758200,3216550,2240211.96,1709831.04,1031474.16,943194.84,1364536,849800,240444.99,174235.5,775928.76,2633166,7816110,5425740,5812740,4228750,4101250,3941858,0,0,0,0,0,0,0,0,0,0,0,0,0,0,0,0,0,0,0,0,0,0,0,0,0,0,0,0,0,0,0,0,0,0,0,0,0,0,0,0,0,0,0,0,0,0,0,0,0,0,0,0,0,0,0,0,0,0,0,0,0,0,0,0,0,0,0,0,0,0,0,0,3494340.68,3391565.96,3271662.11,3891488.47,3849644.5,3849644.5,3452126.86,3284751.02,3799297.07,3750273.88,3725762.29,3263829.04,3242907.05,3159219.13,3180141.11,3201063.09,3263829.04,4215994.17,6176921.69,6005340.53,5104963.36,4686523.74,3545728.05,3271662.11,22157278.21,21155526.44,24003840.88,21542854.85,24412902.52,18265525.24,20190492.79,20432735.92,22405737.28,20204189.18,24386442.16,22231589.14,21305269.03,17054356.41,22584403.92,24826849.72,26404249.84,26062693.74,43574897.6,40135088.66,31144142.05,37715954.4,33640919.08,23786451.15
ISAGEN S.A. E.S.P.,CQR,314,283,256,233,218,208,189,194,209,223,245,258,257,251,241,237,235,255,386,409,391,334,279,232,0,0,0,0,182.37,207.85,0,0,0,267.9,282.43,292.1,0,0,0,0,0,85.21,25.8,344.2,133.2,56,0,0,0,0,0,0,16187409.22,22000105.65,0,0,0,33508183.79,33160726,27841243.73,0,0,0,0,0,9093497.87,2708208.67,55704612.15,16337504.81,7012377.68,0,0,191.42,180.66,174.65,174.34,0,0,224.57,238.48,254.65,0,0,0,281.45,274.11,272.15,270.27,271.25,198.99,335.76,34.32,225.06,251.98,260.2,216.37,191.42,180.66,174.65,174.34,0,0,189,194,209,0,0,0,257,251,241,237,235,169.79,335.76,34.32,225.06,251.98,260.2,216.37,17207929.55,15059963.93,17029670.9,17822184.53,0,0,20072696.22,18211025.7,17296931.96,0,0,0,24729871.26,25627993.56,18580844.54,16085280.06,20169904.3,21145853.74,42772117.21,5790091.85,29424508.62,31278705.52,22446020.3,20943397.84,122.58,102.34,81.35,58.66,35.63,0.15,0,0,0,0,0,0,0,0,0,0,0,0,24.44,30.48,32.74,26.02,18.8,15.63,15322500,12792500,10135640.55,7121324,4138673.91,17423.55,0,0,0,0,0,0,0,0,0,0,0,0,3152760,3931920,4223460,3252500,2350000,1897482,0,0,0,0,0,0,0,0,0,44.9,37.43,34.1,0,0,0,0,0,0,0,0,0,0,0,0,0,0,0,0,0,0,0,0,0,5215449.3,4347756.51,3960953.7,0,0,0,0,0,0,0,0,0,0,0,0,0,0,0,0,0,0,0,0,0,0,0,0,0,0,0,0,0,0,0,0,0,0,0,0,5378543.99,4847541.24,4385054.98,4874821.57,4560991.86,4351772.05,3954254.41,4058864.31,5122923.15,5466085.46,6005340.53,5397871.1,5376949.12,5251417.23,5042197.42,4958509.5,4916665.54,6250456.47,9461475.28,10025241.95,8180494.57,6987941.65,4779024.76,3973956.07,37908973.55,32700005.18,31550366.43,29818330.1,24887074.99,26369301.25,24026950.63,22269890.01,22419855.11,33758819.96,34818310.02,29278161.13,30106820.38,30879410.79,23623041.96,21043789.56,25086569.84,36489808.08,58094561.16,75451865.95,58165968.01,48531524.85,29575045.06,26814835.91
GENERADORA Y COMERCIALIZADORA DE ENERGIA DEL CARIBE S.A. E.S.P.,GCM,402,390,382,370,358,345,315,303,298,296,293,294,289,290,295,295,294,320,428,432,437,412,386,365,24,0,281.38,0,0,0,0,0,1,0,286.93,12.11,184.6,270.4,162.4,17.78,0,0,26.11,238.07,56.78,255.2,0,0,1620010.56,0,27763274.84,0,0,0,0,0,133002.77,0,27009372.23,1159407.52,20476315.65,25028013.09,18137273.08,1806672.56,0,0,3382572.16,27374643.71,5395766.49,25470831.06,0,0,274.97,288.52,0,277.33,275.55,271.65,255.17,255.93,264.77,274.13,0,287.12,110.41,31.65,149.82,294.84,305.67,310.02,343.2,143.92,328.38,116.86,353.44,317.73,274.97,288.52,0,277.33,275.55,271.65,255.17,255.93,264.77,274.13,0,281.89,104.4,19.6,132.6,277.22,294,310.02,343.2,143.92,328.38,116.86,353.44,317.73,25674878.3,27453402.19,0,21013901.37,18103750.73,23096617.48,19931402.7,17621678.81,30350235.76,24547743.9,0,28510487.09,8159377.82,1749557.74,18717800.1,24330728.93,28397336.23,35497708.53,36250870.66,22055501.34,29134492.98,13074836.35,38386111.4,21400767.7,103.03,101.48,100.62,92.67,82.45,73.35,59.83,47.07,32.23,21.87,6.07,0,0,0,0,0,0,9.98,58.69,50.01,51.84,39.94,32.56,47.27,12878750,12685000,12536547.66,11250138,9577144.65,8520115.95,6880450,5413050,3737165.19,2540353.59,705072.99,0,0,0,0,0,0,1211572,7571010,6451290,6687360,4992500,4070000,5738578,0,0,0,0,0,0,0,0,0,0,0,0,0,0,0,0,0,0,0,0,0,0,0,0,0,0,0,0,0,0,0,0,0,0,0,0,0,0,0,0,0,0,0,0,0,0,0,0,0,0,0,0,0,0,0,0,0,0,0,0,0,0,0,0,0,0,0,0,0,0,0,0,6885906.64,6680357.19,6543324.22,7741132.97,7490069.2,7218083.44,6590424.02,6339360.24,7304455.01,7255431.82,7181897.04,6151062.41,6046452.51,6067374.49,6171984.4,6171984.4,6151062.41,7843710.08,10490962.23,10589008.61,9142905.7,8619856.17,6611840.71,6252129.16,47059545.5,46818759.38,46843146.72,40005172.34,35170964.58,38834816.87,33402276.71,29374089.06,41524858.73,34343529.31,34896342.26,35820957.03,34682145.98,32844945.32,43027057.57,32309385.89,34548398.64,44552990.61,57695415.05,66470443.66,50360525.17,52158023.59,49067952.1,33391474.86
ELECTRIFICADORA DEL HUILA S.A. E.S.P.,HUILACAQ,135,123,111,103,95,94,80,81,86,93,97,101,101,100,100,99,101,100,139,157,147,124,111,93,75.21,0,0,68.51,69.48,74.35,79.11,86.06,0.47,99.6,103.97,109.21,50.4,52.44,107.44,108.86,108.32,108.84,54.19,149.75,86.67,121.81,101.69,83.47,5870254.07,0,0,6366731.58,4648749.08,7154678.81,8685732.14,9189942.92,66170.24,13161688.2,13458623.3,12697420.78,7396090.63,5234667.15,15295685.41,11885942.24,12397297.66,12223438.37,7696631.71,17950529.5,12518476.99,17570945.11,9894156.34,10293066.32,0,71.91,69.73,0,0,1,0,0,93.37,0,1,0,54.42,51.2,0,0,0,0,90.75,0,56,0,0,1,0,71.91,69.73,0,0,1,0,0,85.53,0,0,0,50.6,47.56,0,0,0,0,84.81,0,56,0,0,1,0,5632987.15,5008548.31,0,0,117876.53,0,0,9567731.5,0,0,0,7956343.95,6556861.78,0,0,0,0,13438782.9,0,7094437.84,0,0,118899.98,59.79,51.09,41.27,34.49,25.52,18.65,0.89,0,0,0,0,0,0,0,0,0,0,0,0,7.25,4.33,2.19,9.31,8.53,7473750,6386250,5141953.11,4187086,2964326.64,2166328.05,102350,0,0,0,0,0,0,0,0,0,0,0,0,935250,558570,273750,1163750,1035542,0,0,0,0,0,0,0,5.06,0,6.6,6.97,8.21,0,0,7.44,9.86,7.32,8.84,0,0,0,0,0,0,0,0,0,0,0,0,0,581900,0,766636.2,809614.29,953648.97,0,0,864208.08,1145308.02,850269.24,1073176,0,0,0,0,0,0,0,0,0,0,0,0,0,0,0,0,0,0,0,0,0,0,0,0,0,0,0,0,0,0,2312431.33,2106881.88,1901332.43,2154964.04,1987588.19,1966666.21,1673758.48,1694680.46,2107997.08,2279578.24,2377624.62,2113120.08,2113120.08,2092198.1,2092198.1,2071276.12,2113120.08,2451159.4,3407111.57,3848320.26,3075531.21,2594325.64,1901332.43,1593008.25,15656435.4,14126119.04,12051833.85,12708781.63,9600663.92,11405549.61,10461840.62,10302723.38,11741898.83,14674630.24,15026633.63,13856891.89,17465554.66,13883727.03,16523675.43,12811910.34,13660148.5,13601421.77,24542526.18,22734099.76,23247016.04,20439020.75,12959238.77,13040516.56
ISAGEN S.A. E.S.P.,LAMIEL,0,0,0,0,0,0,0,0,0,0,0,0,0,0,0,0,0,0,0,0,0,0,0,0,0,0,0,0,0,0,0,0,0,0,0,0,0,0,0,0,0,0,0,0,0,0,0,0,0,0,0,0,0,0,0,0,0,0,0,0,0,0,0,0,0,0,0,0,0,0,0,0,0,0,0,0,0,0,0,0,0,0,0,0,0,0,0,0,0,0,0,0,0,0,0,0,0,0,0,0,0,0,0,0,0,0,0,0,0,0,0,0,0,0,0,0,0,0,0,0,0,0,0,0,0,0,0,0,0,0,0,0,0,0,0,0,0,0,0,0,0,0,0,0,0,0,0,0,0,0,0,0,0,0,0,0,0,0,0,0,0,0,0,0,0,0,0,0,0,0,0,0,0,0,0,0,0,0,0,0,0,0,0,0,0,0,0,0,0,0,0,0,0,0,0,0,0,0,0,0,0,0,0,0,0,0,0,0,0,0,0,0,0,0,0,0,0,0,0,0,0,0,0,0,0,0,0,0,0,0,0,0,0,0,0,0,0,0,0,0,0,0,0,0,0,0,0,0,0,0,0,0,0,0,0,0,0,0,0,0,0,0,0,0,0,0,0,0,0,0,0,0,0,0,0,0,0,0,0,0,0,0,0,0,0,0,0,0,0,0,0,0,0,0,0,0,0,0,0,0,0,0,0,0,0,0,0,0,0,0,0,0
EMPRESAS PUBLICAS DE MEDELLIN E.S.P.,MAGDAMED,0,0,0,0,0,0,0,0,0,0,0,0,0,0,0,0,0,0,0,0,0,0,0,0,0,0,0,0,0,0,0,0,0,0,0,0,0,0,0,0,0,0,0,0,0,0,0,0,0,0,0,0,0,0,0,0,0,0,0,0,0,0,0,0,0,0,0,0,0,0,0,0,0,0,0,0,0,0,0,0,0,0,0,0,0,0,0,0,0,0,0,0,0,0,0,0,0,0,0,0,0,0,0,0,0,0,0,0,0,0,0,0,0,0,0,0,0,0,0,0,0,0,0,0,0,0,0,0,0,0,0,0,0,0,0,0,0,0,0,0,0,0,0,0,0,0,0,0,0,0,0,0,0,0,0,0,0,0,0,0,0,0,0,0,0,0,0,0,0,0,0,0,0,0,0,0,0,0,0,0,0,0,0,0,0,0,0,0,0,0,0,0,0,0,0,0,0,0,0,0,0,0,0,0,0,0,0,0,0,0,0,0,0,0,0,0,0,0,0,0,0,0,0,0,0,0,0,0,0,0,0,0,0,0,0,0,0,0,0,0,0,0,0,0,0,0,0,0,0,0,0,0,0,0,0,0,0,0,0,0,0,0,0,0,0,0,0,0,0,0,0,0,0,0,0,0,0,0,0,0,0,0,0,0,0,0,0,0,0,0,0,0,0,0,0,0,0,0,0,0,0,0,0,0,0,0,0,0,0,0,0,0
ELECTRIFICADORA DEL META S.A. E.S.P.,META,112,104,97,90,85,80,78,80,90,98,105,109,109,108,105,102,101,104,142,139,138,121,103,91,71.26,0,0,65.23,65.57,0,0,76.43,0,51.2,86.74,0,0,0,0,51.2,98.33,0,122.46,110.78,30.61,101.6,0,78.68,6543957.14,0,0,7836141.65,6096711.71,0,0,8877268.16,0,6531040.26,12417380.93,0,0,0,0,6469053.95,16425921.92,0,19480140.81,14880874.67,5012768.59,13300270.38,0,7972661.71,0,67.76,65.74,0,0,70.17,69.73,0,87.09,42.63,12.61,102.9,101.34,100.09,100.99,49.32,1,100.4,0,12.5,89.6,5.56,92.65,0,0,67.76,65.74,0,0,70.17,69.73,0,87.09,42.63,12.61,102.9,101.34,100.09,100.99,49.32,1,100.4,0,12.5,89.6,5.56,92.65,0,0,5848841.28,6305890.59,0,0,5466826.11,6617757.73,0,10712192.8,5798187.3,1454672.95,11770368.79,9858434.25,13509190.59,15302920.78,8449603.97,151839.07,11617327.17,0,2010001.62,12721922.3,911995.68,13376299.28,0,40.74,36.24,31.26,24.77,19.43,9.83,8.27,3.57,2.91,4.17,5.65,6.1,7.66,7.91,4.01,1.48,1.67,3.6,19.54,15.72,17.79,13.84,10.35,12.32,5092500,4530000,3894777.18,3007078,2256930.51,1141823.31,951050,410550,337423.23,484374.69,656287.05,708557.7,929924,960274,465789.57,171912.36,193982.19,437040,2520660,2027880,2294910,1730000,1293750,1495648,0,0,0,0,0,0,0,0,0,0,0,0,0,0,0,0,0,0,0,0,0,0,0,0,0,0,0,0,0,0,0,0,0,0,0,0,0,0,0,0,0,0,0,0,0,0,0,0,0,0,0,0,0,0,0,0,0,0,0,0,0,0,0,0,0,0,0,0,0,0,0,0,1918461.55,1781428.58,1661524.74,1882978.29,1778368.38,1673758.48,1631914.52,1673758.48,2206043.46,2402136.21,2573717.37,2280495.93,2280495.93,2259573.95,2196808.01,2134042.06,2113120.08,2549205.78,3480646.35,3407111.57,2887233.38,2531559.7,1764299.46,1558750.01,13554918.69,12160269.86,11862192.5,12726197.94,10132010.61,8282407.9,9200722.24,10961576.64,13255659.49,15215738.46,17102058.31,14759422.42,13068854.17,16729038.53,17965518.35,17224612.35,18884863.26,14603572.95,25481447.16,22325867.86,22916834.28,18473825.76,16434348.74,11027059.72
ISAGEN S.A. E.S.P.,NORDESTE,638,595,559,533,518,504,464,456,461,469,474,479,475,466,460,455,460,504,783,780,772,643,574,521,0,68.15,419.44,30.13,409.6,190.09,34.22,0,7.6,0,0,0,0,244.8,0,65.75,0,0,0,351.47,599.65,0,544.8,390.64,0,5547223.34,36805133.46,2532634.1,33688834.05,15401164.03,3607862.55,0,513808.79,0,0,0,0,14742374.98,0,5607399.1,0,0,0,35422896.92,69365225.31,0,50403922.5,30211300.01,529.16,448,87.42,472,101.65,344.49,504,568.28,601.26,632.71,655.03,672.45,649.17,409.42,667.4,601.68,664.44,686.72,796.89,448,171.3,700.42,92.66,166.95,529.16,448,87.42,472,101.65,313.91,429.78,456,453.4,469,474,479,475,221.2,460,389.25,460,504,783,428.53,171.3,643,29.2,130.36,37620286.25,32289447.68,7787982.04,34334391.12,8701386.38,29303407.47,33597831.9,30827154.96,42615396.98,30972717.72,33408050.88,42057741.9,44997049.25,16680822.55,47873321.32,28566967.97,33680321.4,40371654.96,57518076.24,32161262.21,17395345.06,52592532.62,2908129.32,10318369.44,108.84,78.85,52.14,30.87,6.75,0,0,0,0,0,0,0,0,0,0,0,0,0,0,0,1.05,0,0,0,13605000,9856250,6496279.02,3747618,784059.75,0,0,0,0,0,0,0,0,0,0,0,0,0,0,0,135450,0,0,0,0,0,0,0,0,0,0,0,0,0,0,0,0,0,0,0,0,0,0,0,0,0,0,0,0,0,0,0,0,0,0,0,0,0,0,0,0,0,0,0,0,0,0,0,0,0,0,0,0,0,0,0,0,0,0,0,0,0,0,0,0,0,0,0,0,0,0,0,0,0,0,0,10928379.2,10191827,9575178.64,11151415.87,10837586.16,10544678.42,9707799.18,9540423.34,11299844.83,11495937.59,11618495.56,10021628.9,9937940.98,9749643.15,9624111.26,9519501.36,9624111.26,12353843.38,19192578.1,19119043.32,16151769.33,13452833.78,9832115.45,8924272.04,62153665.44,57884748.01,60664573.16,51766059.09,54011866.33,55249249.92,46913493.63,40367578.3,54429050.61,42468655.31,45026546.44,52079370.8,54934990.22,41172840.67,57497432.58,43693868.42,43304432.66,52725498.34,76710654.34,86703202.45,103047789.71,66045366.4,63144167.28,49453941.49
EMGESA S.A. E.S.P.,PAGUA,0,0,0,0,0,0,0,0,0,0,0,0,0,0,0,0,0,0,0,0,0,0,0,0,0,0,0,0,0,0,0,0,0,0,0,0,0,0,0,0,0,0,0,0,0,0,0,0,0,0,0,0,0,0,0,0,0,0,0,0,0,0,0,0,0,0,0,0,0,0,0,0,0,0,0,0,0,0,0,0,0,0,0,0,0,0,0,0,0,0,0,0,0,0,0,0,0,0,0,0,0,0,0,0,0,0,0,0,0,0,0,0,0,0,0,0,0,0,0,0,0,0,0,0,0,0,0,0,0,0,0,0,0,0,0,0,0,0,0,0,0,0,0,0,0,0,0,0,0,0,0,0,0,0,0,0,0,0,0,0,0,0,0,0,0,0,0,0,0,0,0,0,0,0,0,0,0,0,0,0,0,0,0,0,0,0,0,0,0,0,0,0,0,0,0,0,0,0,0,0,0,0,0,0,0,0,0,0,0,0,0,0,0,0,0,0,0,0,0,0,0,0,0,0,0,0,0,0,0,0,0,0,0,0,0,0,0,0,0,0,0,0,0,0,0,0,0,0,0,0,0,0,0,0,0,0,0,0,0,0,0,0,0,0,0,0,0,0,0,0,0,0,0,0,0,0,0,0,0,0,0,0,0,0,0,0,0,0,0,0,0,0,0,0,0,0,0,0,0,0,0,0,0,0,0,0,0,0,0,0,0,0
ISAGEN S.A. E.S.P.,SANCARLO,71,72,68,64,59,56,49,48,46,46,47,48,47,46,46,47,47,51,67,65,63,55,39,45,48.7,49.98,21.9,40.53,48.42,51.67,51.19,52.28,0,52.61,52.17,0,15.92,53.39,0,53.98,54.11,55.6,62.63,60.71,0,54.04,1.17,50.25,4749631.62,5896631.9,2323759.72,4266957.23,5041057.53,5209833.4,5234524.38,4176225.73,0,5591942.68,5515004.95,0,2242248.42,7303657.5,0,6917418.24,6548039.94,5471669.95,8333834.65,6012869.57,0,6316565.37,175770.05,5730193.01,0,0,27.88,9.89,3.1,0,0,0,52.84,0,0,52.71,37.07,0,53.6,0,0,0,0,0,59.33,0,50.4,0,0,0,27.88,9.89,3.1,0,0,0,46,0,0,48,31.08,0,46,0,0,0,0,0,59.33,0,37.83,0,0,0,2019848.57,1293585.4,217742.02,0,0,0,6423144.68,0,0,6229311.33,3881531.92,0,6566907.56,0,0,0,0,0,9416075.02,0,4911266.13,0,22.3,22.02,18.22,13.58,7.48,4.33,0,0,0,0,0,0,0,0,0,0,0,0,4.37,4.29,3.67,0.96,0,0,2787500,2752500,2270084.46,1648612,868854.36,502959.81,0,0,0,0,0,0,0,0,0,0,0,0,563730,553410,473430,120000,0,0,0,0,0,0,0,0,2.19,4.28,0,6.61,5.17,0,0,7.39,0,6.98,7.11,4.6,0,0,0,0,0,5.25,0,0,0,0,0,0,251850,492200,0,767797.77,600531.69,0,0,897146,0,810775.86,825876.27,558440,0,0,0,0,0,637350,0,0,0,0,0,0,0,0,0,0,0,0,0,0,0,0,0,0,0,0,0,0,0,0,1216167.59,1233296.71,1164780.23,1339006.78,1234396.88,1171630.94,1025177.07,1004255.09,1127533.32,1127533.32,1152044.92,1004255.09,983333.11,962411.13,962411.13,983333.11,983333.11,1250091.29,1642276.8,1593253.61,1318084.8,1150708.95,668035.72,770810.44,8753299.21,9882428.62,7778472.98,8548161.41,7362050.78,6884424.14,6007851.45,4688280.82,7550678,5951678.23,6066518.18,7233566.42,7107113.44,7368922.63,7529318.69,7089975.49,6705496.78,6163321.24,10539841.44,8159533.18,11207589.82,7587274.33,5755071.9,5863653.46
EMGESA S.A. E.S.P.,TOLIMA,194,181,164,153,144,135,124,131,135,144,147,153,159,159,153,152,153,155,196,212,206,189,165,145,104.97,0,7.84,16.31,0,0,0,113.48,121.08,0,0,137.73,38.12,14.32,51.2,0,134.39,108.22,168.5,174.66,0,92.09,128.83,89.51,11092372,0,701287.84,1772185.56,0,0,0,15068556.41,13089964.85,0,0,19941511.91,4985569.77,1301416.35,6625039.36,0,16366988.53,14085795.59,29946453.16,26673938.34,0,13830196.26,15032710.2,8321774.24,0,101.17,91.01,81.69,99.99,104.89,106.17,0,0,128.39,133.66,0,96.32,119.21,83.52,134.66,0,31.19,0,0,166.94,56,0,23.67,0,101.17,91.01,81.69,99.99,104.89,106.17,0,0,128.39,133.66,0,96.32,119.21,83.52,134.66,0,31.19,0,0,166.94,56,0,23.67,0,11124555.07,6624795.37,8115153.22,8377478.17,7320111.57,10015614.9,0,0,15718190.69,15238358.73,0,13484760.41,12333460.64,12194176.26,12795140.04,0,4592289.28,0,0,21888205.27,8797726.56,0,2974560.38,89.03,79.83,65.15,55,44.01,30.11,17.83,17.52,13.92,15.61,13.34,15.27,24.56,25.47,18.28,17.34,18.61,15.59,27.5,37.34,39.06,40.91,36.17,31.82,11128750,9978750,8117233.95,6677000,5112069.57,3497487.27,2050450,2014800,1614065.76,1813210.77,1549534.38,1773717.39,2981584,3092058,2123349.96,2014162.38,2161681.77,1892626,3547500,4816860,5038740,5113750,4521250,3862948,0,0,0,0,0,0,0,0,0,0,0,0,0,0,0,0,0,0,0,0,0,0,0,0,0,0,0,0,0,0,0,0,0,0,0,0,0,0,0,0,0,0,0,0,0,0,0,0,0,0,0,0,0,0,0,0,0,0,0,0,0,0,0,0,0,0,0,0,0,0,0,0,3323049.47,3100370.9,2809175.84,3201063.09,3012765.26,2824467.44,2594325.64,2740779.51,3309065.19,3529669.54,3603204.32,3201063.09,3326594.98,3326594.98,3201063.09,3180141.11,3201063.09,3799297.07,4804272.42,5196457.93,4309928.09,3954254.41,2826304.96,2483722.54,25544171.47,24203675.97,18252493.01,19765401.87,16502313,13642066.27,14660390.54,19824135.93,18013095.8,21061070.99,20391097.43,24916292.39,24778509.16,20053529.97,24143628.68,17989443.53,21729733.39,24370007.94,38298225.59,36687256.27,31236873.36,31695927.23,22380265.17,17643005.16
ISAGEN S.A. E.S.P.,VALLECAU,546,508,468,452,450,463,452,487,538,583,611,631,620,617,615,612,614,604,733,723,707,637,573,499,0,431.1,120,83.4,288.47,0,471.56,448,0,0,101.95,0,440.68,0,409.6,642.83,261.81,409.6,369.95,287.18,0,552.62,447.17,0,0,37133935.05,11826058.8,6982376.44,29207847.12,0,38797065.61,38022526.08,0,0,7121127.98,0,41738909.25,0,41502703.62,56431598.03,27775509.3,36400496.64,51029100.73,28692666.62,0,46564445.18,42525486.86,0,453.99,0,299.62,331.69,136,455.68,0,66.54,571.16,609.51,543.74,670.45,213.59,644,235.49,0,376.25,223.58,380,474.91,734.88,103.58,136,504.3,453.99,0,299.62,331.69,136,455.68,0,39,538,583,509.05,631,179.32,617,205.4,0,352.19,194.4,363.05,435.82,707,84.38,125.83,499,34863966.83,0,32633289.08,28775039.55,13759054.72,43253315.27,0,3482418.42,48970534.28,43009880.54,37542040.57,66321955.41,21945897.09,68253515.69,28762487.65,0,25619269.12,20122857.22,34743703.98,43667125.3,68715896.41,7337264.59,9244184,54541333.73,92.01,76.9,48.38,36.91,25.53,7.32,0,0,0,0,0,0,0,0,0,0,0,0,0,0,0,0,0,0,11501250,9612500,6027809.34,4480874,2965488.21,850269.24,0,0,0,0,0,0,0,0,0,0,0,0,0,0,0,0,0,0,0,0,0,0,0,0,19.56,0,0,0,0,0,0,0,0,30.83,0,0,0,0,0,0,0,0,0,0,0,0,0,0,2249400,0,0,0,0,0,0,0,0,3581120.31,0,0,0,0,0,0,0,0,0,0,0,0,0,0,0,0,0,0,0,0,0,0,0,0,0,0,0,0,0,0,0,0,9352500.07,8701593.47,8016428.63,9456735.41,9414891.45,9686877.2,9456735.41,10189004.75,13187237.57,14290259.3,14976583.93,13201770.01,12971628.22,12908862.28,12867018.32,12804252.37,12846096.33,14805002.78,17966998.4,17721882.46,14791840.57,13327301.9,9814986.33,8547431.38,55717716.9,55448028.52,58503585.84,49695025.4,55347281.5,53790461.71,46004401.02,51693949.25,62157771.85,57300139.84,59639752.49,79523725.42,76656434.56,81162377.97,83132209.58,65654730.09,66240874.75,71328356.63,103739803.11,90081674.38,83507736.98,67229011.66,61584657.19,63088765.11
ELECTRIFICADORA DE SANTANDER S.A.,COROZO,0,0,0,0,0,0,0,0,0,0,0,0,0,0,0,0,0,0,0,0,0,0,0,0,0,0,0,0,0,0,0,0,0,6.24,0,0,0,0,14.37,14.37,0,17.45,17.4,0,15.92,0,17.65,0,0,0,0,0,0,0,0,0,0,705983.93,0,0,0,0,1694761.59,1596899.73,0,2767231.64,2946489.9,0,2666325.38,0,2275142.54,0,0,0,0,0,0,0,0,0,4.56,0,6.95,14.42,14.61,14.53,0,0,14.41,0,0,17.36,1.48,17.69,0,0.1,0,0,0,0,0,0,0,0,0,0,0,0,0,0,0,0,0,0,0,0,0,0,0,0,0,0,0,0,0,0,0,0,0,0,0,0,0,0,0,0,0,0,0,0,0,0,0,0,0,0,0,0,0,0,0,0,0,0,0,0,0,0,0,0,0,0,0,0,0,0,0,0,0,0,0,0,0,0,0,0,0,0,0,0,0,0,0,0,0,0,0,0,0,0,0,0,0,0,0,0,0,0,0,0,0,6.24,0,0,0,0,14.37,14.37,0,17.45,17.4,0,15.92,0,17.65,0,0,0,0,0,0,0,0,0,0,724819.68,0,0,0,0,1669176.09,1669176.09,0,2118430,2244600,0,2053680,0,2206250,0,0,0,0,0,0,0,0,0,0,0,0,0,0,0,0,0,0,0,0,0,0,0,0,0,0,0,0,0,0,0,0,0,0,0,0,0,0,0,0,0,0,0,0,0,0,0,0,0,0,0,0,0,0,0,0,0,0,-18835.75,0,0,0,0,25585.5,-72276.36,0,648801.64,701889.9,0,612645.38,0,68892.54,0
ISAGEN S.A. E.S.P.,CUATRICENTENARIO,0,0,0,0,0,0,0,0,0,0,0,0,0,0,0,0,0,0,0,0,0,0,0,0,0.22,0,0,0.22,0.22,0,0,0,0,2.49,0,0,0,11.52,0,0,11.28,0,0,0,13.99,0,0,0,30355.48,0,0,30083.82,22381.68,0,0,0,0,324148.9,0,0,0,1470307.51,0,0,1455137.6,0,0,0,2302048.2,0,0,0,0,0.22,0.22,0,0,0.22,0.22,0.22,0.3,0,7.1,11.1,11.53,0,11.56,11.61,0,13.81,13.9,13.9,0,13.87,14.02,1.21,0,0,0,0,0,0,0,0,0,0,0,0,0,0,0,0,0,0,0,0,0,0,0,0,0,0,0,0,0,0,0,0,0,0,0,0,0,0,0,0,0,0,0,0,0,0,0,0,0,0,0,0,0,0,0,0,0,0,0,0,0,0,0,0,0,0,0,0,0,0,0,0,0,0,0,0,0,0,0,0,0,0,0,0,0,0,0,0,0,0,0,0,0,0,0,0,0.22,0,0,0.22,0.22,0,0,0,0,2.49,0,0,0,11.52,0,0,11.28,0,0,0,13.99,0,0,0,27500,0,0,26708,25554.54,0,0,0,0,289230.93,0,0,0,1398528,0,0,1310250.96,0,0,0,1804710,0,0,0,0,0,0,0,0,0,0,0,0,0,0,0,0,0,0,0,0,0,0,0,0,0,0,0,0,0,0,0,0,0,0,0,0,0,0,0,0,0,0,0,0,0,0,0,0,0,0,0,2855.48,0,0,3375.82,-3172.86,0,0,0,0,34917.97,0,0,0,71779.51,0,0,144886.64,0,0,0,497338.2,0,0,0
ECUADOR,ECUADOR220,0,0,0,0,0,0,0,0,0,0,0,0,0,0,0,0,0,0,0,0,0,0,0,0,0,123.93,0,0,116.28,105.45,25.36,93.45,55.53,98.47,0,102.84,85.16,91.61,93.65,0,93.4,66.99,62.59,58.15,55.91,71.2,94.39,122.45,0,9195342.03,0,0,11415840.82,8531462.83,2278553.65,8814743.21,8974771.37,14106574.89,0,14826510.46,14084940.27,12621953.43,13813713.08,0,11364370.79,7168236.81,9963359.11,8229114.69,8270011.35,8785961.25,12329514.41,12341333.86,123.08,0,119.7,117.8,0,0,66.37,0,40.9,0,100.39,0,15.92,14.55,15.92,106.01,0,0,0,0,0,0,0,0,0,0,0,0,0,0,0,0,0,0,0,0,0,0,0,0,0,0,0,0,0,0,0,0,0,0,0,0,0,0,0,0,0,0,0,0,0,0,0,0,0,0,0,0,0,0,0,0,0,0,0,0,0,0,0,0,0,0,0,0,0,0,0,0,0,0,0,0,0,0,0,0,0,0,0,0,0,0,0,0,0,0,0,0,0,0,0,0,0,0,0,0,0,0,0,0,0,123.93,0,0,116.28,105.45,25.36,93.45,55.53,98.47,0,102.84,85.16,91.61,93.65,0,93.4,66.99,62.59,58.15,55.91,71.2,94.39,122.45,0,15491250,0,0,13506735.96,12248755.65,2916400,10746750,6438870.09,11437979.79,0,11945585.88,10338424,11121454,10878103.05,0,10849063.8,8132586,8074110,7501350,7212390,8900000,11798750,14865430,0,0,0,0,0,0,0,0,0,0,0,0,0,0,0,0,0,0,0,0,0,0,0,0,0,0,0,0,0,0,0,0,0,0,0,0,0,0,0,0,0,0,0,0,0,0,0,0,0,-6295907.97,0,0,-2090895.14,-3717292.82,-637846.35,-1932006.79,2535901.28,2668595.1,0,2880924.58,3746516.27,1500499.43,2935610.03,0,515306.99,-964349.19,1889249.11,727764.69,1057621.35,-114038.75,530764.41,-2524096.14


