0,ALBAN,EMPRESA DE ENERGÍA DEL PACÍFICO S.A. E.S.P.,VALLECAU,429,30,0.8,0.8,0.8,0.8,0.8,0.8,0.8,0.8,0.8,0.8,0.8,0.8,0.8,0.8,0.8,0.8,0.8,0.8,0.8,0.8,0.8,0.8,0.8,0.8,343.2,201.8,343.2,124.33,96.07,70.38,51.18,275.93,343.2,343.2,133.66,343.2,343.2,343.2,343.2,343.2,164.3,175.88,343.2,343.2,343.2,343.2,168.12,343.2,98953.62,98953.62,98953.62,98953.62,98953.62,98953.62,98953.62,98953.62,98953.62,98953.62,98953.62,98953.62,98953.62,98953.62,98953.62,98953.62,98953.62,98953.62,98953.62,98953.62,98953.62,98953.62,98953.62,98953.62,0
1,BARRANQ3,GENERADORA Y COMERCIALIZADORA DE ENERGÍA DEL CARIBE S.A. ESP,ATLANTIC,60,0,0.8,0.8,0.8,0.8,0.8,0.8,0.8,0.8,0.8,0.8,0.8,0.8,0.8,0.8,0.8,0.8,0.8,0.8,0.8,0.8,0.8,0.8,0.8,0.8,0,0,0,0,0,0,0,0,0,0,0,0,0,0,0,0,0,0,0,0,0,0,0,0,407249.89,407249.89,407249.89,407249.89,407249.89,407249.89,407249.89,407249.89,407249.89,407249.89,407249.89,407249.89,407249.89,407249.89,407249.89,407249.89,407249.89,407249.89,407249.89,407249.89,407249.89,407249.89,407249.89,407249.89,24
2,BARRANQ4,GENERADORA Y COMERCIALIZADORA DE ENERGÍA DEL CARIBE S.A. ESP,ATLANTIC,60,0,0.8,0.8,0.8,0.8,0.8,0.8,0.8,0.8,0.8,0.8,0.8,0.8,0.8,0.8,0.8,0.8,0.8,0.8,0.8,0.8,0.8,0.8,0.8,0.8,0,0,0,0,0,0,0,0,0,0,0,0,0,0,0,0,0,0,0,0,0,0,0,0,408126.48,408126.48,408126.48,408126.48,408126.48,408126.48,408126.48,408126.48,408126.48,408126.48,408126.48,408126.48,408126.48,408126.48,408126.48,408126.48,408126.48,408126.48,408126.48,408126.48,408126.48,408126.48,408126.48,408126.48,48
3,BETANIA,EMGESA S.A E.S.P,HUILACAQ,540,60,0.8,0.8,0.8,0.8,0.8,0.8,0.8,0.8,0.8,0.8,0.8,0.8,0.8,0.8,0.8,0.8,0.8,0.8,0.8,0.8,0.8,0.8,0.8,0.8,0,0,0,0,0,0,0,0,0,0,0,0,0,103.64,0,0,86.92,211.4,0,0,0,0,0,0,138232.66,138232.66,138232.66,138232.66,138232.66,138232.66,138232.66,138232.66,138232.66,138232.66,138232.66,138232.66,138232.66,138232.66,138232.66,138232.66,138232.66,138232.66,138232.66,138232.66,138232.66,138232.66,138232.66,138232.66,72
4,CALIMA1,EMPRESA DE ENERGÍA DEL PACÍFICO S.A. E.S.P.,VALLECAU,132,16,0.8,0.8,0.8,0.8,0.8,0.8,0.8,0.8,0.8,0.8,0.8,0.8,0.8,0.8,0.8,0.8,0.8,0.8,0.8,0.8,0.8,0.8,0.8,0.8,0,0,0,0,0,0,0,0,0,0,0,0,0,0,0,0,0,0,0,0,0,0,0,0,315035.37,315035.37,315035.37,315035.37,315035.37,315035.37,315035.37,315035.37,315035.37,315035.37,315035.37,315035.37,315035.37,315035.37,315035.37,315035.37,315035.37,315035.37,315035.37,315035.37,315035.37,315035.37,315035.37,315035.37,96
5,CHIVOR,AES CHIVOR & CÍA S.C.A. E.S.P.,CHIVOR,1000,10,0.8,0.8,0.8,0.8,0.8,0.8,0.8,0.8,0.8,0.8,0.8,0.8,0.8,0.8,0.8,0.8,0.8,0.8,0.8,0.8,0.8,0.8,0.8,0.8,0,0,0,0,0,0,0,0,0,0,0,0,0,0,0,0,0,0,0,0,0,0,0,0,170110.14,170110.14,170110.14,170110.14,170110.14,170110.14,170110.14,170110.14,170110.14,170110.14,170110.14,170110.14,170110.14,170110.14,170110.14,170110.14,170110.14,170110.14,170110.14,170110.14,170110.14,170110.14,170110.14,170110.14,120
6,COINCAUCA,DICELER S.A. E.S.P.,CAUCANAR,3.5,0,0.8,0.8,0.8,0.8,0.8,0.8,0.8,0.8,0.8,0.8,0.8,0.8,0.8,0.8,0.8,0.8,0.8,0.8,0.8,0.8,0.8,0.8,0.8,0.8,0,0,0,0,0,0,0,0,0,0,0,0,0,0,0,0,0,0,0,0,0,0,0,0,714410,714410,714410,714410,714410,714410,714410,714410,714410,714410,714410,714410,714410,714410,714410,714410,714410,714410,714410,714410,714410,714410,714410,714410,144
7,COROZO1,ELECTRIFICADORA DE SANTANDER S.A,COROZO,55,0,0.8,0.8,0.8,0.8,0.8,0.8,0.8,0.8,0.8,0.8,0.8,0.8,0.8,0.8,0.8,0.8,0.8,0.8,0.8,0.8,0.8,0.8,0.8,0.8,0,0,0,0,0,0,0,0,0,0,0,0,0,0,0,0,0,0,0,0,0,0,0,0,420000,420000,420000,420000,420000,420000,420000,420000,420000,420000,420000,420000,420000,420000,420000,420000,420000,420000,420000,420000,420000,420000,420000,420000,168
8,CSANCARLOS,EMPRESA DE ENERGÍA DEL PACÍFICO S.A. E.S.P.,VALLECAU,2,0,0.8,0.8,0.8,0.8,0.8,0.8,0.8,0.8,0.8,0.8,0.8,0.8,0.8,0.8,0.8,0.8,0.8,0.8,0.8,0.8,0.8,0.8,0.8,0.8,0,0,0,0,0,0,0,0,0,0,0,0,0,0,0,0,0,0,0,0,0,0,0,0,533307,533307,533307,533307,533307,533307,533307,533307,533307,533307,533307,533307,533307,533307,533307,533307,533307,533307,533307,533307,533307,533307,533307,533307,192
9,CTGEMG1,EMGESA S.A E.S.P,BOLIVAR,61,0,0.8,0.8,0.8,0.8,0.8,0.8,0.8,0.8,0.8,0.8,0.8,0.8,0.8,0.8,0.8,0.8,0.8,0.8,0.8,0.8,0.8,0.8,0.8,0.8,0,0,0,0,0,0,0,0,0,0,0,0,0,0,0,0,0,0,0,0,0,0,0,0,472659.9,472659.9,472659.9,472659.9,472659.9,472659.9,472659.9,472659.9,472659.9,472659.9,472659.9,472659.9,472659.9,472659.9,472659.9,472659.9,472659.9,472659.9,472659.9,472659.9,472659.9,472659.9,472659.9,472659.9,216
10,CTGEMG2,EMGESA S.A E.S.P,BOLIVAR,60,0,0.8,0.8,0.8,0.8,0.8,0.8,0.8,0.8,0.8,0.8,0.8,0.8,0.8,0.8,0.8,0.8,0.8,0.8,0.8,0.8,0.8,0.8,0.8,0.8,0,0,0,0,0,0,0,0,0,0,0,0,0,0,0,0,0,0,0,0,0,0,0,0,467387.17,467387.17,467387.17,467387.17,467387.17,467387.17,467387.17,467387.17,467387.17,467387.17,467387.17,467387.17,467387.17,467387.17,467387.17,467387.17,467387.17,467387.17,467387.17,467387.17,467387.17,467387.17,467387.17,467387.17,240
11,CTGEMG3,EMGESA S.A E.S.P,BOLIVAR,66,0,0.8,0.8,0.8,0.8,0.8,0.8,0.8,0.8,0.8,0.8,0.8,0.8,0.8,0.8,0.8,0.8,0.8,0.8,0.8,0.8,0.8,0.8,0.8,0.8,0,0,0,0,0,0,0,0,0,0,0,0,0,0,0,0,0,0,0,0,0,0,0,0,443602.15,443602.15,443602.15,443602.15,443602.15,443602.15,443602.15,443602.15,443602.15,443602.15,443602.15,443602.15,443602.15,443602.15,443602.15,443602.15,443602.15,443602.15,443602.15,443602.15,443602.15,443602.15,443602.15,443602.15,264
12,CVALLEC1,CVALLEC1,VALLECAU,31.9,0,0.8,0.8,0.8,0.8,0.8,0.8,0.8,0.8,0.8,0.8,0.8,0.8,0.8,0.8,0.8,0.8,0.8,0.8,0.8,0.8,0.8,0.8,0.8,0.8,0,0,0,0,0,0,0,0,0,0,0,0,0,0,0,0,0,0,0,0,0,0,0,0,791950,791950,791950,791950,791950,791950,791950,791950,791950,791950,791950,791950,791950,791950,791950,791950,791950,791950,791950,791950,791950,791950,791950,791950,288
13,DORADA1,CENTRAL HIDROELÉCTRICA DE CALDAS S.A. E.S.P.,CQR,51,0,0.8,0.8,0.8,0.8,0.8,0.8,0.8,0.8,0.8,0.8,0.8,0.8,0.8,0.8,0.8,0.8,0.8,0.8,0.8,0.8,0.8,0.8,0.8,0.8,0,0,0,0,0,0,0,0,0,0,0,0,0,0,0,0,0,0,0,0,0,0,0,0,234533.22,234533.22,234533.22,234533.22,234533.22,234533.22,234533.22,234533.22,234533.22,234533.22,234533.22,234533.22,234533.22,234533.22,234533.22,234533.22,234533.22,234533.22,234533.22,234533.22,234533.22,234533.22,234533.22,234533.22,312
14,ECUADOR11,ECUADOR,ECUADOR220,0,0,0.8,0.8,0.8,0.8,0.8,0.8,0.8,0.8,0.8,0.8,0.8,0.8,0.8,0.8,0.8,0.8,0.8,0.8,0.8,0.8,0.8,0.8,0.8,0.8,0,0,0,0,0,0,0,0,0,0,0,0,0,0,0,0,0,0,0,0,0,0,0,0,154620.91,154620.91,154620.91,154620.91,154620.91,154620.91,154620.91,154620.91,154620.91,154620.91,154620.91,154620.91,154620.91,154620.91,154620.91,154620.91,154620.91,154620.91,154620.91,154620.91,154620.91,154620.91,154620.91,154620.91,336
15,ECUADOR12,ECUADOR,ECUADOR220,0,0,0.8,0.8,0.8,0.8,0.8,0.8,0.8,0.8,0.8,0.8,0.8,0.8,0.8,0.8,0.8,0.8,0.8,0.8,0.8,0.8,0.8,0.8,0.8,0.8,0,0,0,0,0,0,0,0,0,0,0,0,0,0,0,0,0,0,0,0,0,0,0,0,786106,786106,786106,786106,786106,786106,786106,786106,786106,786106,786106,786106,786106,786106,786106,786106,786106,786106,786106,786106,786106,786106,786106,786106,360
16,ECUADOR13,ECUADOR,ECUADOR220,0,0,0.8,0.8,0.8,0.8,0.8,0.8,0.8,0.8,0.8,0.8,0.8,0.8,0.8,0.8,0.8,0.8,0.8,0.8,0.8,0.8,0.8,0.8,0.8,0.8,0,0,0,0,0,0,0,0,0,0,0,0,0,0,0,0,0,0,0,0,0,0,0,0,865694,865694,865694,865694,865694,865694,865694,865694,865694,865694,865694,865694,865694,865694,865694,865694,865694,865694,865694,865694,865694,865694,865694,865694,384
17,ECUADOR14,ECUADOR,ECUADOR220,0,0,0.8,0.8,0.8,0.8,0.8,0.8,0.8,0.8,0.8,0.8,0.8,0.8,0.8,0.8,0.8,0.8,0.8,0.8,0.8,0.8,0.8,0.8,0.8,0.8,0,0,0,0,0,0,0,0,0,0,0,0,0,0,0,0,0,0,0,0,0,0,0,0,137108,137108,137108,137108,137108,137108,137108,137108,137108,137108,137108,137108,137108,137108,137108,137108,137108,137108,137108,137108,137108,137108,137108,137108,408
18,ECUADOR21,ECUADOR,ECUADOR220,0,0,0.8,0.8,0.8,0.8,0.8,0.8,0.8,0.8,0.8,0.8,0.8,0.8,0.8,0.8,0.8,0.8,0.8,0.8,0.8,0.8,0.8,0.8,0.8,0.8,0,0,0,0,0,0,0,0,0,0,0,0,0,0,0,0,0,0,0,0,0,0,0,0,154538.8,154538.8,154538.8,154538.8,154538.8,154538.8,154538.8,154538.8,154538.8,154538.8,154538.8,154538.8,154538.8,154538.8,154538.8,154538.8,154538.8,154538.8,154538.8,154538.8,154538.8,154538.8,154538.8,154538.8,432
19,ECUADOR22,ECUADOR,ECUADOR220,0,0,0.8,0.8,0.8,0.8,0.8,0.8,0.8,0.8,0.8,0.8,0.8,0.8,0.8,0.8,0.8,0.8,0.8,0.8,0.8,0.8,0.8,0.8,0.8,0.8,0,0,0,0,0,0,0,0,0,0,0,0,0,0,0,0,0,0,0,0,0,0,0,0,707397,707397,707397,707397,707397,707397,707397,707397,707397,707397,707397,707397,707397,707397,707397,707397,707397,707397,707397,707397,707397,707397,707397,707397,456
20,ECUADOR23,ECUADOR,ECUADOR220,0,0,0.8,0.8,0.8,0.8,0.8,0.8,0.8,0.8,0.8,0.8,0.8,0.8,0.8,0.8,0.8,0.8,0.8,0.8,0.8,0.8,0.8,0.8,0.8,0.8,0,0,0,0,0,0,0,0,0,0,0,0,0,0,0,0,0,0,0,0,0,0,0,0,97127,97127,97127,97127,97127,97127,97127,97127,97127,97127,97127,97127,97127,97127,97127,97127,97127,97127,97127,97127,97127,97127,97127,97127,480
21,ECUADOR24,ECUADOR,ECUADOR220,0,0,0.8,0.8,0.8,0.8,0.8,0.8,0.8,0.8,0.8,0.8,0.8,0.8,0.8,0.8,0.8,0.8,0.8,0.8,0.8,0.8,0.8,0.8,0.8,0.8,0,0,0,0,0,0,0,0,0,0,0,0,0,0,0,0,0,0,0,0,0,0,0,0,92665,92665,92665,92665,92665,92665,92665,92665,92665,92665,92665,92665,92665,92665,92665,92665,92665,92665,92665,92665,92665,92665,92665,92665,504
22,ESMERALDA,CENTRAL HIDROELÉCTRICA DE CALDAS S.A. E.S.P.,CQR,30,0,0.8,0.8,0.8,0.8,0.8,0.8,0.8,0.8,0.8,0.8,0.8,0.8,0.8,0.8,0.8,0.8,0.8,0.8,0.8,0.8,0.8,0.8,0.8,0.8,0,0,0,0,0,0,0,0,0,0,0,0,0,0,0,0,0,0,0,0,0,0,0,0,398374,398374,398374,398374,398374,398374,398374,398374,398374,398374,398374,398374,398374,398374,398374,398374,398374,398374,398374,398374,398374,398374,398374,398374,528
23,FLORESIV,TERMOFLORES S.A. E.S.P,ATLANTIC,450,100,0.8,0.8,0.8,0.8,0.8,0.8,0.8,0.8,0.8,0.8,0.8,0.8,0.8,0.8,0.8,0.8,0.8,0.8,0.8,0.8,0.8,0.8,0.8,0.8,0,0,0,0,0,0,0,0,0,0,0,0,0,0,0,0,0,0,0,0,0,0,0,0,332500,332500,332500,332500,332500,332500,332500,332500,332500,332500,332500,332500,332500,332500,332500,332500,332500,332500,332500,332500,332500,332500,332500,332500,552
24,FLORES1,TERMOFLORES S.A. E.S.P,ATLANTIC,160,0,0.8,0.8,0.8,0.8,0.8,0.8,0.8,0.8,0.8,0.8,0.8,0.8,0.8,0.8,0.8,0.8,0.8,0.8,0.8,0.8,0.8,0.8,0.8,0.8,0,0,0,0,0,0,0,0,0,0,0,0,0,0,0,0,0,0,0,0,0,0,0,0,158476.61,158476.61,158476.61,158476.61,158476.61,158476.61,158476.61,158476.61,158476.61,158476.61,158476.61,158476.61,158476.61,158476.61,158476.61,158476.61,158476.61,158476.61,158476.61,158476.61,158476.61,158476.61,158476.61,158476.61,576
25,FLORIDA2,COMPAÑÍA DE GENERACIÓN DEL CAUCA S.A. E.S.P.,CAUCANAR,19.9,0,0.8,0.8,0.8,0.8,0.8,0.8,0.8,0.8,0.8,0.8,0.8,0.8,0.8,0.8,0.8,0.8,0.8,0.8,0.8,0.8,0.8,0.8,0.8,0.8,0,0,0,0,0,0,0,0,0,0,0,0,0,0,0,0,0,0,0,0,0,0,0,0,781785,781785,781785,781785,781785,781785,781785,781785,781785,781785,781785,781785,781785,781785,781785,781785,781785,781785,781785,781785,781785,781785,781785,781785,600
26,GUAJIR11,GENERADORA Y COMERCIALIZADORA DE ENERGÍA DEL CARIBE S.A. ESP,GCM,145,0,0.8,0.8,0.8,0.8,0.8,0.8,0.8,0.8,0.8,0.8,0.8,0.8,0.8,0.8,0.8,0.8,0.8,0.8,0.8,0.8,0.8,0.8,0.8,0.8,0,0,0,0,0,0,0,0,0,0,0,0,0,0,0,0,0,0,0,0,0,0,0,0,188499.05,188499.05,188499.05,188499.05,188499.05,188499.05,188499.05,188499.05,188499.05,188499.05,188499.05,188499.05,188499.05,188499.05,188499.05,188499.05,188499.05,188499.05,188499.05,188499.05,188499.05,188499.05,188499.05,188499.05,624
27,GUAJIR21,GENERADORA Y COMERCIALIZADORA DE ENERGÍA DEL CARIBE S.A. ESP,GCM,151,0,0.8,0.8,0.8,0.8,0.8,0.8,0.8,0.8,0.8,0.8,0.8,0.8,0.8,0.8,0.8,0.8,0.8,0.8,0.8,0.8,0.8,0.8,0.8,0.8,0,0,0,0,0,0,0,0,0,0,0,0,0,0,0,0,0,0,0,0,0,0,0,0,181160.67,181160.67,181160.67,181160.67,181160.67,181160.67,181160.67,181160.67,181160.67,181160.67,181160.67,181160.67,181160.67,181160.67,181160.67,181160.67,181160.67,181160.67,181160.67,181160.67,181160.67,181160.67,181160.67,181160.67,648
28,GUATAPE,EMPRESAS PÚBLICAS DE MEDELLÍN E.S.P.,ANTIOQUI,560,0,0.8,0.8,0.8,0.8,0.8,0.8,0.8,0.8,0.8,0.8,0.8,0.8,0.8,0.8,0.8,0.8,0.8,0.8,0.8,0.8,0.8,0.8,0.8,0.8,448,448,448,448,448,448,448,448,448,448,448,448,448,448,448,448,448,448,448,448,448,448,448,448,70438.51,70438.51,70438.51,70438.51,70438.51,70438.51,70438.51,70438.51,70438.51,70438.51,70438.51,70438.51,70438.51,70438.51,70438.51,70438.51,70438.51,70438.51,70438.51,70438.51,70438.51,70438.51,70438.51,70438.51,672
29,GUATRON,EMPRESAS PÚBLICAS DE MEDELLÍN E.S.P.,ANTIOQUI,512,35,0.8,0.8,0.8,0.8,0.8,0.8,0.8,0.8,0.8,0.8,0.8,0.8,0.8,0.8,0.8,0.8,0.8,0.8,0.8,0.8,0.8,0.8,0.8,0.8,360.11,409.6,343.23,409.6,65.57,409.6,409.6,409.6,409.6,409.6,409.6,409.6,409.6,409.6,304.66,409.6,409.6,409.6,409.6,409.6,409.6,409.6,121.99,409.6,83775.32,83775.32,83775.32,83775.32,83775.32,83775.32,83775.32,83775.32,83775.32,83775.32,83775.32,83775.32,83775.32,83775.32,83775.32,83775.32,83775.32,83775.32,83775.32,83775.32,83775.32,83775.32,83775.32,83775.32,696
30,GUAVIO,EMGESA S.A E.S.P,BOGOTA,1200,60,0.8,0.8,0.8,0.8,0.8,0.8,0.8,0.8,0.8,0.8,0.8,0.8,0.8,0.8,0.8,0.8,0.8,0.8,0.8,0.8,0.8,0.8,0.8,0.8,295.44,101.17,10.26,231.55,0.22,0,481.38,0,724.14,52.61,234.47,214.9,316.94,489.69,53.6,435.96,25.69,584.31,471.68,399.08,577.56,479.71,121.84,0,103928.09,103928.09,103928.09,103928.09,103928.09,103928.09,103928.09,103928.09,103928.09,103928.09,103928.09,103928.09,103928.09,103928.09,103928.09,103928.09,103928.09,103928.09,103928.09,103928.09,103928.09,103928.09,103928.09,103928.09,720
31,INSULA,CENTRAL HIDROELÉCTRICA DE CALDAS S.A. E.S.P.,CQR,19.9,0,0.8,0.8,0.8,0.8,0.8,0.8,0.8,0.8,0.8,0.8,0.8,0.8,0.8,0.8,0.8,0.8,0.8,0.8,0.8,0.8,0.8,0.8,0.8,0.8,0,0,0,0,0,0,0,0,0,0,0,0,0,0,0,0,0,0,0,0,0,0,0,0,647284,647284,647284,647284,647284,647284,647284,647284,647284,647284,647284,647284,647284,647284,647284,647284,647284,647284,647284,647284,647284,647284,647284,647284,744
32,JAGUAS,ISAGEN S.A. E.S.P.,ANTIOQUI,170,15,0.8,0.8,0.8,0.8,0.8,0.8,0.8,0.8,0.8,0.8,0.8,0.8,0.8,0.8,0.8,0.8,0.8,0.8,0.8,0.8,0.8,0.8,0.8,0.8,136,136,136,136,136,136,136,136,136,136,136,136,136,136,136,136,136,136,136,136,136,136,136,136,79668.98,79668.98,79668.98,79668.98,79668.98,79668.98,79668.98,79668.98,79668.98,79668.98,79668.98,79668.98,79668.98,79668.98,79668.98,79668.98,79668.98,79668.98,79668.98,79668.98,79668.98,79668.98,79668.98,79668.98,768
33,LATASAJERA,EMPRESAS PÚBLICAS DE MEDELLÍN E.S.P.,ANTIOQUI,306,0,0.8,0.8,0.8,0.8,0.8,0.8,0.8,0.8,0.8,0.8,0.8,0.8,0.8,0.8,0.8,0.8,0.8,0.8,0.8,0.8,0.8,0.8,0.8,0.8,244.8,244.8,244.8,244.8,244.8,244.8,244.8,244.8,244.8,244.8,244.8,244.8,244.8,244.8,244.8,244.8,244.8,244.8,244.8,244.8,244.8,244.8,244.8,244.8,63663.95,63663.95,63663.95,63663.95,63663.95,63663.95,63663.95,63663.95,63663.95,63663.95,63663.95,63663.95,63663.95,63663.95,63663.95,63663.95,63663.95,63663.95,63663.95,63663.95,63663.95,63663.95,63663.95,63663.95,792
34,M_AMAIME,EMPRESA DE ENERGÍA DEL PACÍFICO S.A. E.S.P.,VALLECAU,19.9,0,0.8,0.8,0.8,0.8,0.8,0.8,0.8,0.8,0.8,0.8,0.8,0.8,0.8,0.8,0.8,0.8,0.8,0.8,0.8,0.8,0.8,0.8,0.8,0.8,0,0,0,0,0,0,0,0,0,0,0,0,0,0,0,0,0,0,0,0,0,0,0,0,228909,228909,228909,228909,228909,228909,228909,228909,228909,228909,228909,228909,228909,228909,228909,228909,228909,228909,228909,228909,228909,228909,228909,228909,816
35,M_PROVIDEN,DICELER S.A. E.S.P.,VALLECAU,19.9,0,0.8,0.8,0.8,0.8,0.8,0.8,0.8,0.8,0.8,0.8,0.8,0.8,0.8,0.8,0.8,0.8,0.8,0.8,0.8,0.8,0.8,0.8,0.8,0.8,0,0,0,0,0,0,0,0,0,0,0,0,0,0,0,0,0,0,0,0,0,0,0,0,216506,216506,216506,216506,216506,216506,216506,216506,216506,216506,216506,216506,216506,216506,216506,216506,216506,216506,216506,216506,216506,216506,216506,216506,840
36,MAGUAFRE,AGUAS DE LA CABAÑA S.A. E.S.P.,ANTIOQUI,7.05,0,0.8,0.8,0.8,0.8,0.8,0.8,0.8,0.8,0.8,0.8,0.8,0.8,0.8,0.8,0.8,0.8,0.8,0.8,0.8,0.8,0.8,0.8,0.8,0.8,0,0,0,0,0,0,0,0,0,0,0,0,0,0,0,0,0,0,0,0,0,0,0,0,461362,461362,461362,461362,461362,461362,461362,461362,461362,461362,461362,461362,461362,461362,461362,461362,461362,461362,461362,461362,461362,461362,461362,461362,864
37,MALTOTULUA1,EMPRESA DE ENERGÍA DEL PACÍFICO S.A. E.S.P.,VALLECAU,19.9,0,0.8,0.8,0.8,0.8,0.8,0.8,0.8,0.8,0.8,0.8,0.8,0.8,0.8,0.8,0.8,0.8,0.8,0.8,0.8,0.8,0.8,0.8,0.8,0.8,0,0,0,0,0,0,0,0,0,0,0,0,0,0,0,0,0,0,0,0,0,0,0,0,461362,461362,461362,461362,461362,461362,461362,461362,461362,461362,461362,461362,461362,461362,461362,461362,461362,461362,461362,461362,461362,461362,461362,461362,888
38,MANTIOQ1,EMPRESAS PÚBLICAS DE MEDELLÍN E.S.P.,ANTIOQUI,134.27,0,0.8,0.8,0.8,0.8,0.8,0.8,0.8,0.8,0.8,0.8,0.8,0.8,0.8,0.8,0.8,0.8,0.8,0.8,0.8,0.8,0.8,0.8,0.8,0.8,0,0,0,0,0,0,0,0,0,0,0,0,0,0,0,0,0,0,0,0,0,0,0,0,296625,296625,296625,296625,296625,296625,296625,296625,296625,296625,296625,296625,296625,296625,296625,296625,296625,296625,296625,296625,296625,296625,296625,296625,912
39,MBARROSO1,HMV INGENIEROS LTDA,ANTIOQUI,19.9,1,0.8,0.8,0.8,0.8,0.8,0.8,0.8,0.8,0.8,0.8,0.8,0.8,0.8,0.8,0.8,0.8,0.8,0.8,0.8,0.8,0.8,0.8,0.8,0.8,0,0,0,0,0,0,0,0,0,0,0,0,0,0,0,0,0,0,0,0,0,0,0,0,181160.67,181161.67,181162.67,181163.67,181164.67,181165.67,181166.67,181167.67,181168.67,181169.67,181170.67,181171.67,181172.67,181173.67,181174.67,181175.67,181176.67,181177.67,181178.67,181179.67,181180.67,181181.67,181182.67,181183.67,936
40,MBELMONTE,EMPRESA DE ENERGÍA DE PEREIRA S.A E.S.P.,CQR,3.4,0,0.8,0.8,0.8,0.8,0.8,0.8,0.8,0.8,0.8,0.8,0.8,0.8,0.8,0.8,0.8,0.8,0.8,0.8,0.8,0.8,0.8,0.8,0.8,0.8,0,0,0,0,0,0,0,0,0,0,0,0,0,0,0,0,0,0,0,0,0,0,0,0,515567,515567,515567,515567,515567,515567,515567,515567,515567,515567,515567,515567,515567,515567,515567,515567,515567,515567,515567,515567,515567,515567,515567,515567,960
41,MBOGOTA1,EMGESA S.A E.S.P,BOGOTA,115,0,0.8,0.8,0.8,0.8,0.8,0.8,0.8,0.8,0.8,0.8,0.8,0.8,0.8,0.8,0.8,0.8,0.8,0.8,0.8,0.8,0.8,0.8,0.8,0.8,0,0,0,0,0,0,0,0,0,0,0,0,0,0,0,0,0,0,0,0,0,0,0,0,250857,250857,250857,250857,250857,250857,250857,250857,250857,250857,250857,250857,250857,250857,250857,250857,250857,250857,250857,250857,250857,250857,250857,250857,984
42,MCALDERAS,ISAGEN S.A. E.S.P.,ANTIOQUI,19.9,0,0.8,0.8,0.8,0.8,0.8,0.8,0.8,0.8,0.8,0.8,0.8,0.8,0.8,0.8,0.8,0.8,0.8,0.8,0.8,0.8,0.8,0.8,0.8,0.8,0,0,0,0,0,0,0,0,0,0,0,0,0,0,0,0,0,0,0,0,0,0,0,0,218742,218742,218742,218742,218742,218742,218742,218742,218742,218742,218742,218742,218742,218742,218742,218742,218742,218742,218742,218742,218742,218742,218742,218742,1008
43,MCARUQUIA,PRESTADORA DE SERVICIOS PÚBLICOS LA CASCADA S.A. E.S.P.,ANTIOQUI,9.5,0,0.8,0.8,0.8,0.8,0.8,0.8,0.8,0.8,0.8,0.8,0.8,0.8,0.8,0.8,0.8,0.8,0.8,0.8,0.8,0.8,0.8,0.8,0.8,0.8,0,0,0,0,0,0,0,0,0,0,0,0,0,0,0,0,0,0,0,0,0,0,0,0,455506,455506,455506,455506,455506,455506,455506,455506,455506,455506,455506,455506,455506,455506,455506,455506,455506,455506,455506,455506,455506,455506,455506,455506,1032
44,MCASCADA1,PRESTADORA DE SERVICIOS PÚBLICOS LA CASCADA S.A. E.S.P.,ANTIOQUI,2.3,0,0.8,0.8,0.8,0.8,0.8,0.8,0.8,0.8,0.8,0.8,0.8,0.8,0.8,0.8,0.8,0.8,0.8,0.8,0.8,0.8,0.8,0.8,0.8,0.8,0,0,0,0,0,0,0,0,0,0,0,0,0,0,0,0,0,0,0,0,0,0,0,0,539591,539591,539591,539591,539591,539591,539591,539591,539591,539591,539591,539591,539591,539591,539591,539591,539591,539591,539591,539591,539591,539591,539591,539591,1056
45,MCAUCAN1,CENTRALES ELÉCTRICAS DE NARIÑO S.A. E.S.P.,CAUCANAR,7.33,0,0.8,0.8,0.8,0.8,0.8,0.8,0.8,0.8,0.8,0.8,0.8,0.8,0.8,0.8,0.8,0.8,0.8,0.8,0.8,0.8,0.8,0.8,0.8,0.8,0,0,0,0,0,0,0,0,0,0,0,0,0,0,0,0,0,0,0,0,0,0,0,0,255202,255202,255202,255202,255202,255202,255202,255202,255202,255202,255202,255202,255202,255202,255202,255202,255202,255202,255202,255202,255202,255202,255202,255202,1080
46,MCAUCAN2,COMPAÑÍA DE GENERACIÓN DEL CAUCA S.A. E.S.P.,CAUCANAR,13.77,0,0.8,0.8,0.8,0.8,0.8,0.8,0.8,0.8,0.8,0.8,0.8,0.8,0.8,0.8,0.8,0.8,0.8,0.8,0.8,0.8,0.8,0.8,0.8,0.8,0,0,0,0,0,0,0,0,0,0,0,0,0,0,0,0,0,0,0,0,0,0,0,0,464322,464322,464322,464322,464322,464322,464322,464322,464322,464322,464322,464322,464322,464322,464322,464322,464322,464322,464322,464322,464322,464322,464322,464322,1104
47,MCIMARR1,CENTRAL TERMOELECTRICA EL MORRO 2 S.A.S. E.S.P.,NORDESTE,19.9,0,0.8,0.8,0.8,0.8,0.8,0.8,0.8,0.8,0.8,0.8,0.8,0.8,0.8,0.8,0.8,0.8,0.8,0.8,0.8,0.8,0.8,0.8,0.8,0.8,0,0,0,0,0,0,0,0,0,0,0,0,0,0,0,0,0,0,0,0,0,0,0,0,151447,151447,151447,151447,151447,151447,151447,151447,151447,151447,151447,151447,151447,151447,151447,151447,151447,151447,151447,151447,151447,151447,151447,151447,1128
48,MCQR1,CENTRAL HIDROELÉCTRICA DE CALDAS S.A. E.S.P.,CQR,7.6,0,0.8,0.8,0.8,0.8,0.8,0.8,0.8,0.8,0.8,0.8,0.8,0.8,0.8,0.8,0.8,0.8,0.8,0.8,0.8,0.8,0.8,0.8,0.8,0.8,0,0,0,0,0,0,0,0,0,0,0,0,0,0,0,0,0,0,0,0,0,0,0,0,227895,227895,227895,227895,227895,227895,227895,227895,227895,227895,227895,227895,227895,227895,227895,227895,227895,227895,227895,227895,227895,227895,227895,227895,1152
49,MCUNDINAMARCA,EMPRESA DE ENERGÍA DE CUNDINAMARCA S.A. E.S.P.,BOGOTA,15.6,0,0.8,0.8,0.8,0.8,0.8,0.8,0.8,0.8,0.8,0.8,0.8,0.8,0.8,0.8,0.8,0.8,0.8,0.8,0.8,0.8,0.8,0.8,0.8,0.8,0,0,0,0,0,0,0,0,0,0,0,0,0,0,0,0,0,0,0,0,0,0,0,0,282000,282000,282000,282000,282000,282000,282000,282000,282000,282000,282000,282000,282000,282000,282000,282000,282000,282000,282000,282000,282000,282000,282000,282000,1176
50,MCURRUCU,ENERMONT S.A . E.S.P.,TOLIMA,1.25,0,0.8,0.8,0.8,0.8,0.8,0.8,0.8,0.8,0.8,0.8,0.8,0.8,0.8,0.8,0.8,0.8,0.8,0.8,0.8,0.8,0.8,0.8,0.8,0.8,0,0,0,0,0,0,0,0,0,0,0,0,0,0,0,0,0,0,0,0,0,0,0,0,127417,127417,127417,127417,127417,127417,127417,127417,127417,127417,127417,127417,127417,127417,127417,127417,127417,127417,127417,127417,127417,127417,127417,127417,1200
51,ELBOSQUE,ENERGÍA RENOVABLE DE COLOMBIA S.A E.S.P.,CQR,2.28,0,0.8,0.8,0.8,0.8,0.8,0.8,0.8,0.8,0.8,0.8,0.8,0.8,0.8,0.8,0.8,0.8,0.8,0.8,0.8,0.8,0.8,0.8,0.8,0.8,0,0,0,0,0,0,0,0,0,0,0,0,0,0,0,0,0,0,0,0,0,0,0,0,810225,810225,810225,810225,810225,810225,810225,810225,810225,810225,810225,810225,810225,810225,810225,810225,810225,810225,810225,810225,810225,810225,810225,810225,1224
52,MEMCALI,EMPRESA DE GENERACIÓN DE CALI S.A. E.S.P.,VALLECAU,0,0,0.8,0.8,0.8,0.8,0.8,0.8,0.8,0.8,0.8,0.8,0.8,0.8,0.8,0.8,0.8,0.8,0.8,0.8,0.8,0.8,0.8,0.8,0.8,0.8,0,0,0,0,0,0,0,0,0,0,0,0,0,0,0,0,0,0,0,0,0,0,0,0,374250,374250,374250,374250,374250,374250,374250,374250,374250,374250,374250,374250,374250,374250,374250,374250,374250,374250,374250,374250,374250,374250,374250,374250,1248
53,MERILEC1,CELSIA S.A E.S.P.,NORDESTE,167,0,0.8,0.8,0.8,0.8,0.8,0.8,0.8,0.8,0.8,0.8,0.8,0.8,0.8,0.8,0.8,0.8,0.8,0.8,0.8,0.8,0.8,0.8,0.8,0.8,0,0,0,0,0,0,0,0,0,0,0,0,0,0,0,0,0,0,0,0,0,0,0,0,282924.53,282924.53,282924.53,282924.53,282924.53,282924.53,282924.53,282924.53,282924.53,282924.53,282924.53,282924.53,282924.53,282924.53,282924.53,282924.53,282924.53,282924.53,282924.53,282924.53,282924.53,282924.53,282924.53,282924.53,1272
54,MGUANAQUITA,PRESTADORA DE SERVICIOS PÚBLICOS LA CASCADA S.A. E.S.P.,ANTIOQUI,9.5,0,0.8,0.8,0.8,0.8,0.8,0.8,0.8,0.8,0.8,0.8,0.8,0.8,0.8,0.8,0.8,0.8,0.8,0.8,0.8,0.8,0.8,0.8,0.8,0.8,0,0,0,0,0,0,0,0,0,0,0,0,0,0,0,0,0,0,0,0,0,0,0,0,61030,61030,61030,61030,61030,61030,61030,61030,61030,61030,61030,61030,61030,61030,61030,61030,61030,61030,61030,61030,61030,61030,61030,61030,1296
55,MHUILAQ1,ELECTRIFICADORA DEL HUILA S.A. E.S.P.,HUILACAQ,2.69,0,0.8,0.8,0.8,0.8,0.8,0.8,0.8,0.8,0.8,0.8,0.8,0.8,0.8,0.8,0.8,0.8,0.8,0.8,0.8,0.8,0.8,0.8,0.8,0.8,0,0,0,0,0,0,0,0,0,0,0,0,0,0,0,0,0,0,0,0,0,0,0,0,372766,372766,372766,372766,372766,372766,372766,372766,372766,372766,372766,372766,372766,372766,372766,372766,372766,372766,372766,372766,372766,372766,372766,372766,1320
56,MIEL1,ISAGEN S.A. E.S.P.,LAMIEL,396,20,0.8,0.8,0.8,0.8,0.8,0.8,0.8,0.8,0.8,0.8,0.8,0.8,0.8,0.8,0.8,0.8,0.8,0.8,0.8,0.8,0.8,0.8,0.8,0.8,0,0,0,0,0,12.58,144,0,71.84,316.8,0,63.9,115.61,313.21,0,14.37,108.32,0,37.9,196.96,266.41,13.87,316.8,0,117349.27,117349.27,117349.27,117349.27,117349.27,117349.27,117349.27,117349.27,117349.27,117349.27,117349.27,117349.27,117349.27,117349.27,117349.27,117349.27,117349.27,117349.27,117349.27,117349.27,117349.27,117349.27,117349.27,117349.27,1344
57,MJEPIRAC,EMPRESAS PÚBLICAS DE MEDELLÍN E.S.P.,GCM,18.42,0,0.8,0.8,0.8,0.8,0.8,0.8,0.8,0.8,0.8,0.8,0.8,0.8,0.8,0.8,0.8,0.8,0.8,0.8,0.8,0.8,0.8,0.8,0.8,0.8,0,0,0,0,0,0,0,0,0,0,0,0,0,0,0,0,0,0,0,0,0,0,0,0,623758,623758,623758,623758,623758,623758,623758,623758,623758,623758,623758,623758,623758,623758,623758,623758,623758,623758,623758,623758,623758,623758,623758,623758,1368
58,MMONTAÑITAS,CELSIA S.A E.S.P.,ANTIOQUI,19.9,0,0.8,0.8,0.8,0.8,0.8,0.8,0.8,0.8,0.8,0.8,0.8,0.8,0.8,0.8,0.8,0.8,0.8,0.8,0.8,0.8,0.8,0.8,0.8,0.8,0,0,0,0,0,0,0,0,0,0,0,0,0,0,0,0,0,0,0,0,0,0,0,0,181160.67,181161.67,181162.67,181163.67,181164.67,181165.67,181166.67,181167.67,181168.67,181169.67,181170.67,181171.67,181172.67,181173.67,181174.67,181175.67,181176.67,181177.67,181178.67,181179.67,181180.67,181181.67,181182.67,181183.67,1392
59,MMORRO1,CENTRAL TERMOELECTRICA EL MORRO 2 S.A.S. E.S.P.,NORDESTE,19.9,0,0.8,0.8,0.8,0.8,0.8,0.8,0.8,0.8,0.8,0.8,0.8,0.8,0.8,0.8,0.8,0.8,0.8,0.8,0.8,0.8,0.8,0.8,0.8,0.8,0,0,0,0,0,0,0,0,0,0,0,0,0,0,0,0,0,0,0,0,0,0,0,0,495314,495314,495314,495314,495314,495314,495314,495314,495314,495314,495314,495314,495314,495314,495314,495314,495314,495314,495314,495314,495314,495314,495314,495314,1416
60,MMORRO2,CENTRAL TERMOELECTRICA EL MORRO 2 S.A.S. E.S.P.,NORDESTE,19.9,0,0.8,0.8,0.8,0.8,0.8,0.8,0.8,0.8,0.8,0.8,0.8,0.8,0.8,0.8,0.8,0.8,0.8,0.8,0.8,0.8,0.8,0.8,0.8,0.8,0,0,0,0,0,0,0,0,0,0,0,0,0,0,0,0,0,0,0,0,0,0,0,0,628819,628819,628819,628819,628819,628819,628819,628819,628819,628819,628819,628819,628819,628819,628819,628819,628819,628819,628819,628819,628819,628819,628819,628819,1440
61,MNLIBARE,EMPRESA DE ENERGÍA DE PEREIRA S.A E.S.P.,CQR,5.1,0,0.8,0.8,0.8,0.8,0.8,0.8,0.8,0.8,0.8,0.8,0.8,0.8,0.8,0.8,0.8,0.8,0.8,0.8,0.8,0.8,0.8,0.8,0.8,0.8,0,0,0,0,0,0,0,0,0,0,0,0,0,0,0,0,0,0,0,0,0,0,0,0,555638,555638,555638,555638,555638,555638,555638,555638,555638,555638,555638,555638,555638,555638,555638,555638,555638,555638,555638,555638,555638,555638,555638,555638,1464
62,MNORDE1,ELECTRIFICADORA DE SANTANDER S.A,NORDESTE,20.95,0,0.8,0.8,0.8,0.8,0.8,0.8,0.8,0.8,0.8,0.8,0.8,0.8,0.8,0.8,0.8,0.8,0.8,0.8,0.8,0.8,0.8,0.8,0.8,0.8,0,0,0,0,0,0,0,0,0,0,0,0,0,0,0,0,0,0,0,0,0,0,0,0,412658,412658,412658,412658,412658,412658,412658,412658,412658,412658,412658,412658,412658,412658,412658,412658,412658,412658,412658,412658,412658,412658,412658,412658,1488
63,MPRADO4,EMPRESA DE ENERGÍA DEL PACÍFICO S.A. E.S.P.,TOLIMA,5,0,0.8,0.8,0.8,0.8,0.8,0.8,0.8,0.8,0.8,0.8,0.8,0.8,0.8,0.8,0.8,0.8,0.8,0.8,0.8,0.8,0.8,0.8,0.8,0.8,0,0,0,0,0,0,0,0,0,0,0,0,0,0,0,0,0,0,0,0,0,0,0,0,681119,681119,681119,681119,681119,681119,681119,681119,681119,681119,681119,681119,681119,681119,681119,681119,681119,681119,681119,681119,681119,681119,681119,681119,1512
64,MRIOMAYO,CENTRALES ELÉCTRICAS DE NARIÑO S.A. E.S.P.,CAUCANAR,19.8,0,0.8,0.8,0.8,0.8,0.8,0.8,0.8,0.8,0.8,0.8,0.8,0.8,0.8,0.8,0.8,0.8,0.8,0.8,0.8,0.8,0.8,0.8,0.8,0.8,0,0,0,0,0,0,0,0,0,0,0,0,0,0,0,0,0,0,0,0,0,0,0,0,392559,392559,392559,392559,392559,392559,392559,392559,392559,392559,392559,392559,392559,392559,392559,392559,392559,392559,392559,392559,392559,392559,392559,392559,1536
65,MSANFRANCISC,ENERPUTUMAYO,CAUCANAR,0.47,0,0.8,0.8,0.8,0.8,0.8,0.8,0.8,0.8,0.8,0.8,0.8,0.8,0.8,0.8,0.8,0.8,0.8,0.8,0.8,0.8,0.8,0.8,0.8,0.8,0,0,0,0,0,0,0,0,0,0,0,0,0,0,0,0,0,0,0,0,0,0,0,0,181160.67,181161.67,181162.67,181163.67,181164.67,181165.67,181166.67,181167.67,181168.67,181169.67,181170.67,181171.67,181172.67,181173.67,181174.67,181175.67,181176.67,181177.67,181178.67,181179.67,181180.67,181181.67,181182.67,181183.67,1560
66,MSANTANA,EMGESA S.A E.S.P,BOGOTA,8,0,0.8,0.8,0.8,0.8,0.8,0.8,0.8,0.8,0.8,0.8,0.8,0.8,0.8,0.8,0.8,0.8,0.8,0.8,0.8,0.8,0.8,0.8,0.8,0.8,0,0,0,0,0,0,0,0,0,0,0,0,0,0,0,0,0,0,0,0,0,0,0,0,542553,542553,542553,542553,542553,542553,542553,542553,542553,542553,542553,542553,542553,542553,542553,542553,542553,542553,542553,542553,542553,542553,542553,542553,1584
67,MSANTARITA,ENERMONT S.A . E.S.P.,ANTIOQUI,1.3,0,0.8,0.8,0.8,0.8,0.8,0.8,0.8,0.8,0.8,0.8,0.8,0.8,0.8,0.8,0.8,0.8,0.8,0.8,0.8,0.8,0.8,0.8,0.8,0.8,0,0,0,0,0,0,0,0,0,0,0,0,0,0,0,0,0,0,0,0,0,0,0,0,667177,667177,667177,667177,667177,667177,667177,667177,667177,667177,667177,667177,667177,667177,667177,667177,667177,667177,667177,667177,667177,667177,667177,667177,1608
68,MSANTIAGO,GENERAMOS ENERGÍA S.A. E.S.P.,ANTIOQUI,2.8,0,0.8,0.8,0.8,0.8,0.8,0.8,0.8,0.8,0.8,0.8,0.8,0.8,0.8,0.8,0.8,0.8,0.8,0.8,0.8,0.8,0.8,0.8,0.8,0.8,0,0,0,0,0,0,0,0,0,0,0,0,0,0,0,0,0,0,0,0,0,0,0,0,56969,56969,56969,56969,56969,56969,56969,56969,56969,56969,56969,56969,56969,56969,56969,56969,56969,56969,56969,56969,56969,56969,56969,56969,1632
69,MTOLIMA1,COMPAÑÍA DE GENERACIÓN DEL CAUCA S.A. E.S.P.,TOLIMA,8.4,0,0.8,0.8,0.8,0.8,0.8,0.8,0.8,0.8,0.8,0.8,0.8,0.8,0.8,0.8,0.8,0.8,0.8,0.8,0.8,0.8,0.8,0.8,0.8,0.8,0,0,0,0,0,0,0,0,0,0,0,0,0,0,0,0,0,0,0,0,0,0,0,0,431333,431333,431333,431333,431333,431333,431333,431333,431333,431333,431333,431333,431333,431333,431333,431333,431333,431333,431333,431333,431333,431333,431333,431333,1656
70,MTULUA,COMPAÑÍA DE ELECTRICIDAD DE TULUÁ S.A. E.S.P.,VALLECAU,14.19,0,0.8,0.8,0.8,0.8,0.8,0.8,0.8,0.8,0.8,0.8,0.8,0.8,0.8,0.8,0.8,0.8,0.8,0.8,0.8,0.8,0.8,0.8,0.8,0.8,0,0,0,0,0,0,0,0,0,0,0,0,0,0,0,0,0,0,0,0,0,0,0,0,445221,445221,445221,445221,445221,445221,445221,445221,445221,445221,445221,445221,445221,445221,445221,445221,445221,445221,445221,445221,445221,445221,445221,445221,1680
71,MVALLEC1,EMPRESA DE ENERGÍA DEL PACÍFICO S.A. E.S.P.,VALLECAU,8.5,0,0.8,0.8,0.8,0.8,0.8,0.8,0.8,0.8,0.8,0.8,0.8,0.8,0.8,0.8,0.8,0.8,0.8,0.8,0.8,0.8,0.8,0.8,0.8,0.8,0,0,0,0,0,0,0,0,0,0,0,0,0,0,0,0,0,0,0,0,0,0,0,0,348859,348859,348859,348859,348859,348859,348859,348859,348859,348859,348859,348859,348859,348859,348859,348859,348859,348859,348859,348859,348859,348859,348859,348859,1704
72,MYOPAL1,TERMOYOPAL GENERACION 2 S.A.S E.S.P.,NORDESTE,0,0,0.8,0.8,0.8,0.8,0.8,0.8,0.8,0.8,0.8,0.8,0.8,0.8,0.8,0.8,0.8,0.8,0.8,0.8,0.8,0.8,0.8,0.8,0.8,0.8,0,0,0,0,0,0,0,0,0,0,0,0,0,0,0,0,0,0,0,0,0,0,0,0,559690,559690,559690,559690,559690,559690,559690,559690,559690,559690,559690,559690,559690,559690,559690,559690,559690,559690,559690,559690,559690,559690,559690,559690,1728
73,PAGUA,EMGESA S.A E.S.P,PAGUA,600,74,0.8,0.8,0.8,0.8,0.8,0.8,0.8,0.8,0.8,0.8,0.8,0.8,0.8,0.8,0.8,0.8,0.8,0.8,0.8,0.8,0.8,0.8,0.8,0.8,480,480,480,480,480,480,480,255.94,480,480,480,480,480,480,480,480,480,480,480,480,480,480,480,480,72156.92,72156.92,72156.92,72156.92,72156.92,72156.92,72156.92,72156.92,72156.92,72156.92,72156.92,72156.92,72156.92,72156.92,72156.92,72156.92,72156.92,72156.92,72156.92,72156.92,72156.92,72156.92,72156.92,72156.92,1752
74,PAIPA1,GESTIÓN ENERGÉTICA S.A. E.S.P.,NORDESTE,31,0,0.8,0.8,0.8,0.8,0.8,0.8,0.8,0.8,0.8,0.8,0.8,0.8,0.8,0.8,0.8,0.8,0.8,0.8,0.8,0.8,0.8,0.8,0.8,0.8,24.8,0,0,0,0,24.8,0,0,0,24.8,24.8,24.8,24.8,24.8,0,0,0,24.8,24.8,24.8,24.8,24.8,24.8,0,112998.96,112998.96,112998.96,112998.96,112998.96,112998.96,112998.96,112998.96,112998.96,112998.96,112998.96,112998.96,112998.96,112998.96,112998.96,112998.96,112998.96,112998.96,112998.96,112998.96,112998.96,112998.96,112998.96,112998.96,1776
75,PAIPA2,GESTIÓN ENERGÉTICA S.A. E.S.P.,NORDESTE,70,0,0.8,0.8,0.8,0.8,0.8,0.8,0.8,0.8,0.8,0.8,0.8,0.8,0.8,0.8,0.8,0.8,0.8,0.8,0.8,0.8,0.8,0.8,0.8,0.8,0,0,0,0,0,0,0,0,0,0,0,0,0,56,0,0,0,56,56,0,17.4,46.4,0,0,138317.48,138317.48,138317.48,138317.48,138317.48,138317.48,138317.48,138317.48,138317.48,138317.48,138317.48,138317.48,138317.48,138317.48,138317.48,138317.48,138317.48,138317.48,138317.48,138317.48,138317.48,138317.48,138317.48,138317.48,1800
76,PAIPA3,GESTIÓN ENERGÉTICA S.A. E.S.P.,NORDESTE,70,0,0.8,0.8,0.8,0.8,0.8,0.8,0.8,0.8,0.8,0.8,0.8,0.8,0.8,0.8,0.8,0.8,0.8,0.8,0.8,0.8,0.8,0.8,0.8,0.8,0,49.98,0,0,0,0,0,0,0,0,0,0,11.53,56,0,56,0,0,56,56,56,56,0,0,127661.31,127661.31,127661.31,127661.31,127661.31,127661.31,127661.31,127661.31,127661.31,127661.31,127661.31,127661.31,127661.31,127661.31,127661.31,127661.31,127661.31,127661.31,127661.31,127661.31,127661.31,127661.31,127661.31,127661.31,1824
77,PAIPA4,GESTIÓN ENERGÉTICA S.A. E.S.P.,NORDESTE,150,0,0.8,0.8,0.8,0.8,0.8,0.8,0.8,0.8,0.8,0.8,0.8,0.8,0.8,0.8,0.8,0.8,0.8,0.8,0.8,0.8,0.8,0.8,0.8,0.8,0,0,0,0,0,0,0,120,117.82,4.68,49.19,120,120,120,120,120,25.82,0,120,120,120,120,69.59,0,105072.87,105072.87,105072.87,105072.87,105072.87,105072.87,105072.87,105072.87,105072.87,105072.87,105072.87,105072.87,105072.87,105072.87,105072.87,105072.87,105072.87,105072.87,105072.87,105072.87,105072.87,105072.87,105072.87,105072.87,1848
78,PLAYAS,EMPRESAS PÚBLICAS DE MEDELLÍN E.S.P.,ANTIOQUI,201,55,0.8,0.8,0.8,0.8,0.8,0.8,0.8,0.8,0.8,0.8,0.8,0.8,0.8,0.8,0.8,0.8,0.8,0.8,0.8,0.8,0.8,0.8,0.8,0.8,160.8,160.8,160.8,160.8,160.8,160.8,160.8,160.8,160.8,160.8,160.8,160.8,160.8,160.8,160.8,160.8,160.8,160.8,160.8,160.8,160.8,160.8,160.8,160.8,58479.37,58479.37,58479.37,58479.37,58479.37,58479.37,58479.37,58479.37,58479.37,58479.37,58479.37,58479.37,58479.37,58479.37,58479.37,58479.37,58479.37,58479.37,58479.37,58479.37,58479.37,58479.37,58479.37,58479.37,1872
79,PORCE2,EMPRESAS PÚBLICAS DE MEDELLÍN E.S.P.,ANTIOQUI,405,75,0.8,0.8,0.8,0.8,0.8,0.8,0.8,0.8,0.8,0.8,0.8,0.8,0.8,0.8,0.8,0.8,0.8,0.8,0.8,0.8,0.8,0.8,0.8,0.8,324,324,324,324,324,324,324,324,229.82,324,324,324,324,324,324,324,324,324,324,324,324,324,324,316.2,82651.57,82651.57,82651.57,82651.57,82651.57,82651.57,82651.57,82651.57,82651.57,82651.57,82651.57,82651.57,82651.57,82651.57,82651.57,82651.57,82651.57,82651.57,82651.57,82651.57,82651.57,82651.57,82651.57,82651.57,1896
80,PORCE3,EMPRESAS PÚBLICAS DE MEDELLÍN E.S.P.,ANTIOQUI,660,125,0.8,0.8,0.8,0.8,0.8,0.8,0.8,0.8,0.8,0.8,0.8,0.8,0.8,0.8,0.8,0.8,0.8,0.8,0.8,0.8,0.8,0.8,0.8,0.8,528,528,528,528,528,528,528,528,528,528,528,528,528,528,528,528,528,528,528,528,528,528,528,528,17576.62,17576.62,17576.62,17576.62,17576.62,17576.62,17576.62,17576.62,17576.62,17576.62,17576.62,17576.62,17576.62,17576.62,17576.62,17576.62,17576.62,17576.62,17576.62,17576.62,17576.62,17576.62,17576.62,17576.62,1920
81,PRADO,EMPRESA DE ENERGÍA DEL PACÍFICO S.A. E.S.P.,TOLIMA,46,8,0.8,0.8,0.8,0.8,0.8,0.8,0.8,0.8,0.8,0.8,0.8,0.8,0.8,0.8,0.8,0.8,0.8,0.8,0.8,0.8,0.8,0.8,0.8,0.8,0,0,0,0,0,0,0,0,0,0,0,0,0,0,0,0,0,0,0,0,0,0,0,0,212067.58,212067.58,212067.58,212067.58,212067.58,212067.58,212067.58,212067.58,212067.58,212067.58,212067.58,212067.58,212067.58,212067.58,212067.58,212067.58,212067.58,212067.58,212067.58,212067.58,212067.58,212067.58,212067.58,212067.58,1944
82,PROELEC1,PROELECTRICA & CIA S.C.A. E.S.P.,BOLIVAR,45,0,0.8,0.8,0.8,0.8,0.8,0.8,0.8,0.8,0.8,0.8,0.8,0.8,0.8,0.8,0.8,0.8,0.8,0.8,0.8,0.8,0.8,0.8,0.8,0.8,0,0,0,0,0,0,0,0,0,0,0,0,0,0,0,0,0,0,0,0,0,0,0,0,212480.66,212480.66,212480.66,212480.66,212480.66,212480.66,212480.66,212480.66,212480.66,212480.66,212480.66,212480.66,212480.66,212480.66,212480.66,212480.66,212480.66,212480.66,212480.66,212480.66,212480.66,212480.66,212480.66,212480.66,1968
83,PROELEC2,PROELECTRICA & CIA S.C.A. E.S.P.,BOLIVAR,45,0,0.8,0.8,0.8,0.8,0.8,0.8,0.8,0.8,0.8,0.8,0.8,0.8,0.8,0.8,0.8,0.8,0.8,0.8,0.8,0.8,0.8,0.8,0.8,0.8,0,0,0,0,0,0,0,0,0,0,0,0,0,0,0,0,0,0,0,0,0,0,0,0,212480.66,212480.66,212480.66,212480.66,212480.66,212480.66,212480.66,212480.66,212480.66,212480.66,212480.66,212480.66,212480.66,212480.66,212480.66,212480.66,212480.66,212480.66,212480.66,212480.66,212480.66,212480.66,212480.66,212480.66,1992
84,RPIEDRAS,CELSIA S.A E.S.P.,ANTIOQUI,19.9,0,0.8,0.8,0.8,0.8,0.8,0.8,0.8,0.8,0.8,0.8,0.8,0.8,0.8,0.8,0.8,0.8,0.8,0.8,0.8,0.8,0.8,0.8,0.8,0.8,0,0,0,0,0,0,0,0,0,0,0,0,0,0,0,0,0,0,0,0,0,0,0,0,157128,157128,157128,157128,157128,157128,157128,157128,157128,157128,157128,157128,157128,157128,157128,157128,157128,157128,157128,157128,157128,157128,157128,157128,2016
85,SALVAJINA,EMPRESA DE ENERGÍA DEL PACÍFICO S.A. E.S.P.,VALLECAU,285,0,0.8,0.8,0.8,0.8,0.8,0.8,0.8,0.8,0.8,0.8,0.8,0.8,0.8,0.8,0.8,0.8,0.8,0.8,0.8,0.8,0.8,0.8,0.8,0.8,0,0,0,0,0,0,0,0,0,0,0,0,0,0,0,0,0,0,0,0,0,0,0,0,421421.71,421421.71,421421.71,421421.71,421421.71,421421.71,421421.71,421421.71,421421.71,421421.71,421421.71,421421.71,421421.71,421421.71,421421.71,421421.71,421421.71,421421.71,421421.71,421421.71,421421.71,421421.71,421421.71,421421.71,2040
86,SANCARLOS,ISAGEN S.A. E.S.P.,SANCARLO,1240,10,0.8,0.8,0.8,0.8,0.8,0.8,0.8,0.8,0.8,0.8,0.8,0.8,0.8,0.8,0.8,0.8,0.8,0.8,0.8,0.8,0.8,0.8,0.8,0.8,992,992,715.62,992,992,992,992,992,992,992,992,992,992,992,992,992,992,992,992,992,992,992,992,992,72520.27,72520.27,72520.27,72520.27,72520.27,72520.27,72520.27,72520.27,72520.27,72520.27,72520.27,72520.27,72520.27,72520.27,72520.27,72520.27,72520.27,72520.27,72520.27,72520.27,72520.27,72520.27,72520.27,72520.27,2064
87,SANFRANCISCO,CENTRAL HIDROELÉCTRICA DE CALDAS S.A. E.S.P.,CQR,135,12,0.8,0.8,0.8,0.8,0.8,0.8,0.8,0.8,0.8,0.8,0.8,0.8,0.8,0.8,0.8,0.8,0.8,0.8,0.8,0.8,0.8,0.8,0.8,0.8,0,0,0,0,0,0,0,0,0,0,0,0,0,0,0,0,0,0,0,0,0,0,0,0,743936,743936,743936,743936,743936,743936,743936,743936,743936,743936,743936,743936,743936,743936,743936,743936,743936,743936,743936,743936,743936,743936,743936,743936,2088
88,TASAJER1,TERMOTASAJERO S.A E.S.P.,NORDESTE,155,0,0.8,0.8,0.8,0.8,0.8,0.8,0.8,0.8,0.8,0.8,0.8,0.8,0.8,0.8,0.8,0.8,0.8,0.8,0.8,0.8,0.8,0.8,0.8,0.8,0,0,0,0,0,0,0,0,0,0,0,0,0,0,0,0,0,0,0,0,0,0,0,0,145290.73,145290.73,145290.73,145290.73,145290.73,145290.73,145290.73,145290.73,145290.73,145290.73,145290.73,145290.73,145290.73,145290.73,145290.73,145290.73,145290.73,145290.73,145290.73,145290.73,145290.73,145290.73,145290.73,145290.73,2112
89,TCANDEL1,TERMOCANDELARIA S.C.A. E.S.P.,BOLIVAR,157,0,0.8,0.8,0.8,0.8,0.8,0.8,0.8,0.8,0.8,0.8,0.8,0.8,0.8,0.8,0.8,0.8,0.8,0.8,0.8,0.8,0.8,0.8,0.8,0.8,0,0,0,0,0,0,0,0,0,0,0,0,0,0,0,0,0,0,0,0,0,0,0,0,853043.76,853043.76,853043.76,853043.76,853043.76,853043.76,853043.76,853043.76,853043.76,853043.76,853043.76,853043.76,853043.76,853043.76,853043.76,853043.76,853043.76,853043.76,853043.76,853043.76,853043.76,853043.76,853043.76,853043.76,2136
90,TCANDEL2,TERMOCANDELARIA S.C.A. E.S.P.,BOLIVAR,157,0,0.8,0.8,0.8,0.8,0.8,0.8,0.8,0.8,0.8,0.8,0.8,0.8,0.8,0.8,0.8,0.8,0.8,0.8,0.8,0.8,0.8,0.8,0.8,0.8,0,0,0,0,0,0,0,0,0,0,0,0,0,0,0,0,0,0,0,0,0,0,0,0,874925.36,874925.36,874925.36,874925.36,874925.36,874925.36,874925.36,874925.36,874925.36,874925.36,874925.36,874925.36,874925.36,874925.36,874925.36,874925.36,874925.36,874925.36,874925.36,874925.36,874925.36,874925.36,874925.36,874925.36,2160
91,TCENTRO1,ISAGEN S.A. E.S.P.,MAGDAMED,276,0,0.8,0.8,0.8,0.8,0.8,0.8,0.8,0.8,0.8,0.8,0.8,0.8,0.8,0.8,0.8,0.8,0.8,0.8,0.8,0.8,0.8,0.8,0.8,0.8,0,0,0,0,0,0,0,0,0,0,0,0,0,0,0,0,0,0,0,0,0,0,0,0,194513.19,194513.19,194513.19,194513.19,194513.19,194513.19,194513.19,194513.19,194513.19,194513.19,194513.19,194513.19,194513.19,194513.19,194513.19,194513.19,194513.19,194513.19,194513.19,194513.19,194513.19,194513.19,194513.19,194513.19,2184
92,TEBSA,GENERADORA Y COMERCIALIZADORA DE ENERGÍA DEL CARIBE S.A. ESP,ATLANTIC,791,0,0.8,0.8,0.8,0.8,0.8,0.8,0.8,0.8,0.8,0.8,0.8,0.8,0.8,0.8,0.8,0.8,0.8,0.8,0.8,0.8,0.8,0.8,0.8,0.8,0,0,0,0,0,0,0,0,0,0,0,0,0,0,0,0,0,0,0,0,0,0,0,0,156383.54,156383.54,156383.54,156383.54,156383.54,156383.54,156383.54,156383.54,156383.54,156383.54,156383.54,156383.54,156383.54,156383.54,156383.54,156383.54,156383.54,156383.54,156383.54,156383.54,156383.54,156383.54,156383.54,156383.54,2208
93,TEMCALI,TERMOEMCALI I S.A E.S.P.,VALLECAU,229,0,0.8,0.8,0.8,0.8,0.8,0.8,0.8,0.8,0.8,0.8,0.8,0.8,0.8,0.8,0.8,0.8,0.8,0.8,0.8,0.8,0.8,0.8,0.8,0.8,0,0,0,0,0,0,0,0,0,0,0,0,0,0,0,0,0,0,0,0,0,0,0,0,541487.54,541487.54,541487.54,541487.54,541487.54,541487.54,541487.54,541487.54,541487.54,541487.54,541487.54,541487.54,541487.54,541487.54,541487.54,541487.54,541487.54,541487.54,541487.54,541487.54,541487.54,541487.54,541487.54,541487.54,2232
94,TPIEDRAS,TERMOPIEDRAS S.A. E.S.P.,TOLIMA,3.75,0,0.8,0.8,0.8,0.8,0.8,0.8,0.8,0.8,0.8,0.8,0.8,0.8,0.8,0.8,0.8,0.8,0.8,0.8,0.8,0.8,0.8,0.8,0.8,0.8,0,0,0,0,0,0,0,0,0,0,0,0,0,0,0,0,0,0,0,0,0,0,0,0,856984,856984,856984,856984,856984,856984,856984,856984,856984,856984,856984,856984,856984,856984,856984,856984,856984,856984,856984,856984,856984,856984,856984,856984,2256
95,TSIERRA,EMPRESAS PÚBLICAS DE MEDELLÍN E.S.P.,MAGDAMED,460,0,0.8,0.8,0.8,0.8,0.8,0.8,0.8,0.8,0.8,0.8,0.8,0.8,0.8,0.8,0.8,0.8,0.8,0.8,0.8,0.8,0.8,0.8,0.8,0.8,0,0,0,0,0,0,0,0,0,0,0,0,0,0,0,0,0,0,0,0,0,0,0,0,201046.74,201046.74,201046.74,201046.74,201046.74,201046.74,201046.74,201046.74,201046.74,201046.74,201046.74,201046.74,201046.74,201046.74,201046.74,201046.74,201046.74,201046.74,201046.74,201046.74,201046.74,201046.74,201046.74,201046.74,2280
96,TVALLE,EMPRESA DE ENERGÍA DEL PACÍFICO S.A. E.S.P.,VALLECAU,205,0,0.8,0.8,0.8,0.8,0.8,0.8,0.8,0.8,0.8,0.8,0.8,0.8,0.8,0.8,0.8,0.8,0.8,0.8,0.8,0.8,0.8,0.8,0.8,0.8,0,0,0,0,0,0,0,0,0,0,0,0,0,0,0,0,0,0,0,164,0,0,0,0,164463.11,164463.11,164463.11,164463.11,164463.11,164463.11,164463.11,164463.11,164463.11,164463.11,164463.11,164463.11,164463.11,164463.11,164463.11,164463.11,164463.11,164463.11,164463.11,164463.11,164463.11,164463.11,164463.11,164463.11,2304
97,TYOPAL2,TERMOYOPAL GENERACION 2 S.A.S E.S.P.,NORDESTE,30,0,0.8,0.8,0.8,0.8,0.8,0.8,0.8,0.8,0.8,0.8,0.8,0.8,0.8,0.8,0.8,0.8,0.8,0.8,0.8,0.8,0.8,0.8,0.8,0.8,24,24,24,24,24,24,24,24,24,24,24,24,24,24,24,24,24,24,24,24,24,24,24,24,56210.27,56210.27,56210.27,56210.27,56210.27,56210.27,56210.27,56210.27,56210.27,56210.27,56210.27,56210.27,56210.27,56210.27,56210.27,56210.27,56210.27,56210.27,56210.27,56210.27,56210.27,56210.27,56210.27,56210.27,2328
98,URRA,EMPRESA URRÁ S.A. E.S.P.,CERROMAT,338,63,0.8,0.8,0.8,0.8,0.8,0.8,0.8,0.8,0.8,0.8,0.8,0.8,0.8,0.8,0.8,0.8,0.8,0.8,0.8,0.8,0.8,0.8,0.8,0.8,205.16,113.82,270.4,168.23,253.73,270.4,149.06,270.4,0,270.4,270.4,270.4,270.4,270.4,270.4,270.4,270.4,257.74,270.4,270.4,270.4,270.4,270.4,270.4,94389.77,94389.77,94389.77,94389.77,94389.77,94389.77,94389.77,94389.77,94389.77,94389.77,94389.77,94389.77,94389.77,94389.77,94389.77,94389.77,94389.77,94389.77,94389.77,94389.77,94389.77,94389.77,94389.77,94389.77,2352
99,VENEZUE1,ISAGEN S.A. E.S.P.,CUATRICENTENARIO,150,0,0.8,0.8,0.8,0.8,0.8,0.8,0.8,0.8,0.8,0.8,0.8,0.8,0.8,0.8,0.8,0.8,0.8,0.8,0.8,0.8,0.8,0.8,0.8,0.8,0,0,0,0,0,0,0,0,0,0,0,0,0,0,0,0,0,0,0,0,0,0,0,0,241810.87,241810.87,241810.87,241810.87,241810.87,241810.87,241810.87,241810.87,241810.87,241810.87,241810.87,241810.87,241810.87,241810.87,241810.87,241810.87,241810.87,241810.87,241810.87,241810.87,241810.87,241810.87,241810.87,241810.87,2376
100,ZIPAEMG2,EMGESA S.A E.S.P,BOGOTA,34,0,0.8,0.8,0.8,0.8,0.8,0.8,0.8,0.8,0.8,0.8,0.8,0.8,0.8,0.8,0.8,0.8,0.8,0.8,0.8,0.8,0.8,0.8,0.8,0.8,0,0,0,0,0,0,0,0,0,0,0,0,0,0,0,0,0,0,0,0,27.2,0,0,0,143747.95,143747.95,143747.95,143747.95,143747.95,143747.95,143747.95,143747.95,143747.95,143747.95,143747.95,143747.95,143747.95,143747.95,143747.95,143747.95,143747.95,143747.95,143747.95,143747.95,143747.95,143747.95,143747.95,143747.95,2400
101,ZIPAEMG3,EMGESA S.A E.S.P,BOGOTA,63,0,0.8,0.8,0.8,0.8,0.8,0.8,0.8,0.8,0.8,0.8,0.8,0.8,0.8,0.8,0.8,0.8,0.8,0.8,0.8,0.8,0.8,0.8,0.8,0.8,0,0,0,0,0,0,0,0,0,0,0,50.4,50.4,0,0,0,0,0,50.4,38.94,50.4,0,0,0,127930.45,127930.45,127930.45,127930.45,127930.45,127930.45,127930.45,127930.45,127930.45,127930.45,127930.45,127930.45,127930.45,127930.45,127930.45,127930.45,127930.45,127930.45,127930.45,127930.45,127930.45,127930.45,127930.45,127930.45,2424
102,ZIPAEMG4,EMGESA S.A E.S.P,BOGOTA,64,0,0.8,0.8,0.8,0.8,0.8,0.8,0.8,0.8,0.8,0.8,0.8,0.8,0.8,0.8,0.8,0.8,0.8,0.8,0.8,0.8,0.8,0.8,0.8,0.8,0,0,0,0,0,0,0,0,0,51.2,51.2,0,51.2,0,0,0,0,0,51.2,0,51.2,51.2,0,0,126526.48,126526.48,126526.48,126526.48,126526.48,126526.48,126526.48,126526.48,126526.48,126526.48,126526.48,126526.48,126526.48,126526.48,126526.48,126526.48,126526.48,126526.48,126526.48,126526.48,126526.48,126526.48,126526.48,126526.48,2448
103,ZIPAEMG5,EMGESA S.A E.S.P,BOGOTA,64,0,0.8,0.8,0.8,0.8,0.8,0.8,0.8,0.8,0.8,0.8,0.8,0.8,0.8,0.8,0.8,0.8,0.8,0.8,0.8,0.8,0.8,0.8,0.8,0.8,0,0,0,0,0,0,0,0.22,0,0,51.2,51.2,0,11.52,0,51.2,0,0,51.2,51.2,0,0,0,0,129027.48,129027.48,129027.48,129027.48,129027.48,129027.48,129027.48,129027.48,129027.48,129027.48,129027.48,129027.48,129027.48,129027.48,129027.48,129027.48,129027.48,129027.48,129027.48,129027.48,129027.48,129027.48,129027.48,129027.48,2472
104,AMOYA,ISAGEN S.A. E.S.P.,TOLIMA,78,1,0.8,0.8,0.8,0.8,0.8,0.8,0.8,0.8,0.8,0.8,0.8,0.8,0.8,0.8,0.8,0.8,0.8,0.8,0.8,0.8,0.8,0.8,0.8,0.8,62.4,62.4,62.4,62.4,0,26.85,62.4,62.4,62.4,62.4,0,62.4,62.4,62.4,62.4,62.4,62.4,17.45,62.4,62.4,62.4,62.4,62.4,62.4,98953.62,98953.62,98953.62,98953.62,98953.62,98953.62,98953.62,98953.62,98953.62,98953.62,98953.62,98953.62,98953.62,98953.62,98953.62,98953.62,98953.62,98953.62,98953.62,98953.62,98953.62,98953.62,98953.62,98953.62,2496
105,TERMOCOL,GRUPO POLIOBRAS,GCM,202,2,0.8,0.8,0.8,0.8,0.8,0.8,0.8,0.8,0.8,0.8,0.8,0.8,0.8,0.8,0.8,0.8,0.8,0.8,0.8,0.8,0.8,0.8,0.8,0.8,0,0,0,0,0,0,0,0,0,0,0,0,0,0,0,0,0,0,0,0,0,0,0,0,221412,221412,221412,221412,221412,221412,221412,221412,221412,221412,221412,221412,221412,221412,221412,221412,221412,221412,221412,221412,221412,221412,221412,221412,2520
106,CUCUANA,EMPRESA DE ENERGÍA DEL PACÍFICO S.A. E.S.P.,TOLIMA,60,3,0.8,0.8,0.8,0.8,0.8,0.8,0.8,0.8,0.8,0.8,0.8,0.8,0.8,0.8,0.8,0.8,0.8,0.8,0.8,0.8,0.8,0.8,0.8,0.8,0,0,0,0,0,0,0,0,0,48,11.07,0,0,0,0,0,0,0,48,48,0,0,0,0,134329,134329,134329,134329,134329,134329,134329,134329,134329,134329,134329,134329,134329,134329,134329,134329,134329,134329,134329,134329,134329,134329,134329,134329,2544
107,ELQUIMBO,EMGESA S.A E.S.P,HUILACAQ,420,4,0.8,0.8,0.8,0.8,0.8,0.8,0.8,0.8,0.8,0.8,0.8,0.8,0.8,0.8,0.8,0.8,0.8,0.8,0.8,0.8,0.8,0.8,0.8,0.8,80.39,87.53,205.77,0,0.37,209.14,336,336,0,336,336,166.71,0,245.54,336,288.58,300.66,0,336,336,336,336,271.94,336,98953.62,98953.62,98953.62,98953.62,98953.62,98953.62,98953.62,98953.62,98953.62,98953.62,98953.62,98953.62,98953.62,98953.62,98953.62,98953.62,98953.62,98953.62,98953.62,98953.62,98953.62,98953.62,98953.62,98953.62,2568
108,SOGAMOSO,ISAGEN S.A. E.S.P.,NORDESTE,800,5,0.8,0.8,0.8,0.8,0.8,0.8,0.8,0.8,0.8,0.8,0.8,0.8,0.8,0.8,0.8,0.8,0.8,0.8,0.8,0.8,0.8,0.8,0.8,0.8,0,48.52,135.57,0,358.16,292.13,125.68,640,229.84,98.47,560.61,600.65,640,0,640,565.92,640,640,615.23,640,292.11,558.34,640,48.47,98953.62,98953.62,98953.62,98953.62,98953.62,98953.62,98953.62,98953.62,98953.62,98953.62,98953.62,98953.62,98953.62,98953.62,98953.62,98953.62,98953.62,98953.62,98953.62,98953.62,98953.62,98953.62,98953.62,98953.62,2592
109,CARLOSLLERAS,HIDRALPOR,ANTIOQUI,78,6,0.8,0.8,0.8,0.8,0.8,0.8,0.8,0.8,0.8,0.8,0.8,0.8,0.8,0.8,0.8,0.8,0.8,0.8,0.8,0.8,0.8,0.8,0.8,0.8,0,0,0,0,0,0,0,0,0,0,0,0,0,0,0,0,0,0,62.4,0,0,0,0,0,166568,166568,166568,166568,166568,166568,166568,166568,166568,166568,166568,166568,166568,166568,166568,166568,166568,166568,166568,166568,166568,166568,166568,166568,2616
110,POPAL,HMV INGENIEROS LTDA,ANTIOQUI,19.9,7,0.8,0.8,0.8,0.8,0.8,0.8,0.8,0.8,0.8,0.8,0.8,0.8,0.8,0.8,0.8,0.8,0.8,0.8,0.8,0.8,0.8,0.8,0.8,0.8,0,0,0,0,0,0,0,0,0,0,0,0,0,0,0,0,0,0,0,0,0,0,0,0,166568,166568,166568,166568,166568,166568,166568,166568,166568,166568,166568,166568,166568,166568,166568,166568,166568,166568,166568,166568,166568,166568,166568,166568,2640
111,RIOAMBEIMA,ENERGIA DE LOS ANDES,TOLIMA,45,8,0.8,0.8,0.8,0.8,0.8,0.8,0.8,0.8,0.8,0.8,0.8,0.8,0.8,0.8,0.8,0.8,0.8,0.8,0.8,0.8,0.8,0.8,0.8,0.8,0,0,0,0,0,0,0,0,0,0,0,0,0,0,0,0,0,0,0,0,0,0,0,0,184329,184329,184329,184329,184329,184329,184329,184329,184329,184329,184329,184329,184329,184329,184329,184329,184329,184329,184329,184329,184329,184329,184329,184329,2664
112,GECELCA32,GENERADORA Y COMERCIALIZADORA DE ENERGÍA DEL CARIBE S.A. ESP,CERROMAT,250,9,0.8,0.8,0.8,0.8,0.8,0.8,0.8,0.8,0.8,0.8,0.8,0.8,0.8,0.8,0.8,0.8,0.8,0.8,0.8,0.8,0.8,0.8,0.8,0.8,0,0,0,0,0,0,0,0,0,0,0,0,0,0,0,0,0,0,0,0,0,0,0,0,212906,212906,212906,212906,212906,212906,212906,212906,212906,212906,212906,212906,212906,212906,212906,212906,212906,212906,212906,212906,212906,212906,212906,212906,2688
113,ITUANGO,HIDROELÉCTRICA PESCADERO ITUANGO S.A. E.S.P.,ANTIOQUI,2400,10,0.8,0.8,0.8,0.8,0.8,0.8,0.8,0.8,0.8,0.8,0.8,0.8,0.8,0.8,0.8,0.8,0.8,0.8,0.8,0.8,0.8,0.8,0.8,0.8,96.42,220.37,100.87,174.55,541.89,362.58,45.66,169.48,560.8,644,745.77,662.12,490.08,329.76,615.22,214.87,690.16,480,888.99,892.3,942.44,370.06,432.47,376.25,98953.62,98953.62,98953.62,98953.62,98953.62,98953.62,98953.62,98953.62,98953.62,98953.62,98953.62,98953.62,98953.62,98953.62,98953.62,98953.62,98953.62,98953.62,98953.62,98953.62,98953.62,98953.62,98953.62,98953.62,2712
114,PORVENIRII,CELSIA S.A E.S.P.,SANCARLO,352,11,0.8,0.8,0.8,0.8,0.8,0.8,0.8,0.8,0.8,0.8,0.8,0.8,0.8,0.8,0.8,0.8,0.8,0.8,0.8,0.8,0.8,0.8,0.8,0.8,0,0,0,0,0,0,0,0,0,0,0,0,0,0,109.55,0,0,0,0,0,0,0,0,0,143074,143074,143074,143074,143074,143074,143074,143074,143074,143074,143074,143074,143074,143074,143074,143074,143074,143074,143074,143074,143074,143074,143074,143074,2736
115,TERMONORTE,TERMONORTE,GCM,88,12,0.8,0.8,0.8,0.8,0.8,0.8,0.8,0.8,0.8,0.8,0.8,0.8,0.8,0.8,0.8,0.8,0.8,0.8,0.8,0.8,0.8,0.8,0.8,0.8,0,0,0,0,0,0,0,0,0,0,0,0,0,0,0,0,0,0,0,0,0,0,0,0,222906,222906,222906,222906,222906,222906,222906,222906,222906,222906,222906,222906,222906,222906,222906,222906,222906,222906,222906,222906,222906,222906,222906,222906,2760
116,PANAMA,PANAMA,PANAMA,17,0,0.8,0.8,0.8,0.8,0.8,0.8,0.8,0.8,0.8,0.8,0.8,0.8,0.8,0.8,0.8,0.8,0.8,0.8,0.8,0.8,0.8,0.8,0.8,0.8,0,0,0,0,0,0,0,0,0,0,0,0,0,0,0,0,0,0,0,0,0,0,0,0,222906,222906,222906,222906,222906,222906,222906,222906,222906,222906,222906,222906,222906,222906,222906,222906,222906,222906,222906,222906,222906,222906,222906,222906,2784
